Key,Value
CellProfiler_Version,3.1.9
ChannelType_cebp,Grayscale
ChannelType_dapi,Grayscale
ChannelType_ppar,Grayscale
ImageSet_Zip_Dictionary,PD94bWwgdmVyc2lvbj0iMS4wIiBlbmNvZGluZz0iVVRGLTgiPz48T01FIHhtbG5zPSJodHRwOi8vd3d3Lm9wZW5taWNyb3Njb3B5Lm9yZy9TY2hlbWFzL09NRS8yMDE2LTA2Ij48SW1hZ2UgSUQ9ImRhcGkiPjxQaXhlbHMgRGltZW5zaW9uT3JkZXI9IlhZQ1pUIiBJRD0iUGl4ZWxzOmRhcGkiIFNpemVUPSIxIiBTaXplWD0iMSIgU2l6ZVk9IjEiPjxUaWZmRGF0YSBGaXJzdEM9IjAiIEZpcnN0VD0iMCIgRmlyc3RaPSIwIiBJRkQ9IjAiIFBsYW5lQ291bnQ9IjEiPjxVVUlEIEZpbGVOYW1lPSJmaWxlOi8vL1o6L1RBRC8xOTA2MDNfM3QzbDFfdGltZWNvdXJzZS90NGgvMTExa2JfaW1ncy9pbWcxNzMtYzEtMS50aWZmIi8+PC9UaWZmRGF0YT48UGxhbmUgVGhlQz0iMCIgVGhlVD0iMCIgVGhlWj0iMCIvPjwvUGl4ZWxzPjwvSW1hZ2U+PEltYWdlIElEPSJjZWJwIj48UGl4ZWxzIERpbWVuc2lvbk9yZGVyPSJYWUNaVCIgSUQ9IlBpeGVsczpjZWJwIiBTaXplVD0iMSIgU2l6ZVg9IjEiIFNpemVZPSIxIj48VGlmZkRhdGEgRmlyc3RDPSIwIiBGaXJzdFQ9IjAiIEZpcnN0Wj0iMCIgSUZEPSIwIiBQbGFuZUNvdW50PSIxIj48VVVJRCBGaWxlTmFtZT0iZmlsZTovLy9aOi9UQUQvMTkwNjAzXzN0M2wxX3RpbWVjb3Vyc2UvdDRoLzExMWtiX2ltZ3MvaW1nMTczLWMyLTEudGlmZiIvPjwvVGlmZkRhdGE+PFBsYW5lIFRoZUM9IjAiIFRoZVQ9IjAiIFRoZVo9IjAiLz48L1BpeGVscz48L0ltYWdlPjxJbWFnZSBJRD0icHBhciI+PFBpeGVscyBEaW1lbnNpb25PcmRlcj0iWFlDWlQiIElEPSJQaXhlbHM6cHBhciIgU2l6ZVQ9IjEiIFNpemVYPSIxIiBTaXplWT0iMSI+PFRpZmZEYXRhIEZpcnN0Qz0iMCIgRmlyc3RUPSIwIiBGaXJzdFo9IjAiIElGRD0iMCIgUGxhbmVDb3VudD0iMSI+PFVVSUQgRmlsZU5hbWU9ImZpbGU6Ly8vWjovVEFELzE5MDYwM18zdDNsMV90aW1lY291cnNlL3Q0aC8xMTFrYl9pbWdzL2ltZzE3My1jMy1PPD94bWwgdmVyc2lvbj0iMS4wIiBlbmNvZGluZz0iVVRGLTgiPz48T01FIHhtbG5zPSJodHRwOi8vd3d3Lm9wZW5taWNyb3Njb3B5Lm9yZy9TY2hlbWFzL09NRS8yMDE2LTA2Ij48SW1hZ2UgSUQ9ImRhcGkiPjxQaXhlbHMgRGltZW5zaW9uT3JkZXI9IlhZQ1pUIiBJRD0iUGl4ZWxzOmRhcGkiIFNpemVUPSIxIiBTaXplWD0iMSIgU2l6ZVk9IjEiPjxUaWZmRGF0YSBGaXJzdEM9IjAiIEZpcnN0VD0iMCIgRmlyc3RaPSIwIiBJRkQ9IjAiIFBsYW5lQ291bnQ9IjEiPjxVVUlEIEZpbGVOYW1lPSJmaWxlOi8vL1o6L1RBRC8xOTA2MDNfM3QzbDFfdGltZWNvdXJzZS90NGgvMTExa2JfaW1ncy9pbWcxNzMtYzEudGlmZiIvPjwvVGlmZkRhdGE+PFBsYW5lIFRoZUM9IjAiIFRoZVQ9IjAiIFRoZVo9IjAiLz48L1BpeGVscz48L0ltYWdlPjxJbWFnZSBJRD0iY2VicCI+PFBpeGVscyBEaW1lbnNpb25PcmRlcj0iWFlDWlQiIElEPSJQaXhlbHM6Y2VicCIgU2l6ZVQ9IjEiIFNpemVYPSIxIiBTaXplWT0iMSI+PFRpZmZEYXRhIEZpcnN0Qz0iMCIgRmlyc3RUPSIwIiBGaXJzdFo9IjAiIElGRD0iMCIgUGxhbmVDb3VudD0iMSI+PFVVSUQgRmlsZU5hbWU9ImZpbGU6Ly8vWjovVEFELzE5MDYwM18zdDNsMV90aW1lY291cnNlL3Q0aC8xMTFrYl9pbWdzL2ltZzE3LWMyLnRpZmYiLz48L1RpZmZEYXRhPjxQbGFuZSBUaGVDPSIwIiBUaGVUPSIwIiBUaGVaPSIwIi8+PC9QaXhlbHM+PC9JbWFnZT48SW1hZ2UgSUQ9InBwYXIiPjxQaXhlbHMgRGltZW5zaW9uT3JkZXI9IlhZQ1pUIiBJRD0iUGl4ZWxzOnBwYXIiIFNpemVUPSIxIiBTaXplWD0iMSIgU2l6ZVk9IjEiPjxUaWZmRGF0YSBGaXJzdEM9IjAiIEZpcnN0VD0iMCIgRmlyc3RaPSIwIiBJRkQ9IjAiIFBsYW5lQ291bnQ9IjEiPjxVVUlEIEZpbGVOYW1lPSJmaWxlOi8vL1o6L1RBRC8xOTA2MDNfM3QzbDFfdGltZWNvdXJzZS90NGgvMTExa2JfaW1ncy9pbWcxNzMiIFNpemVUPSIxIiBTaXplWD0iMSIgU2l6ZVk9IjEiPjxUaWZmRGF0YSBGaXJzdEM9IjAiIEZpcnN0VD0iMCIgRmlyc3RaPSIwIiBJRkQ9IjAiIFBsYW5lQ291bnQ9IjEiPjxVVUlEIEZpbGVOYW1lPSJmaWxlOi8vL1o6L1RBRC8xOTA2MDNfM3QzbDFfdGltZWNvdXJzZS90NGgvMTExa2JfaW1ncy9pbWcxNzQtYzEtMi50aWZmIi8+PC9UaWZmRGF0YT48UGxhbmUgVGhlQz0iMCIgVGhlVD0iMCIgVGhlWj0iMCIvPjwvUGl4ZWxzPjwvSW1hZ2U+PEltYWdlIElEPSItYzI0LWMzPD94bWwgdmVyc2lvbj0iMS4wIiBlbmNvZGluZz0iVVRGLTgiPz48T01FIHhtbG5zPSJodHRwOi8vd3d3Lm9wZW5taWNyb3Njb3B5Lm9yZy9TY2hlbWFzL09NRS8yMDE2LTA2Ij48SW1hZ2UgSUQ9ImRhcGkiPjxQaXhlbHMgRGltZW5zaW9uT3JkZXI9IlhZQ1pUIiBJRD0iUGl4ZWxzOmRhcGkiIFNpemVUPSIxIiBTaXplWD0iMSIgU2l6ZVk9IjEiPjxUaWZmRGF0YSBGaXJzdEM9IjAiIEZpcnN0VD0iMCIgRmlyc3RaPSIwIiBJRkQ9IjAiIFBsYW5lQ291bnQ9IjEiPjxVVUlEIEZpbGVOYW1lPSJmaWxlOi8vL1o6L1RBRC8xOTA2MDNfM3QzbDFfdGltZWNvdXJzZS90NGgvMTExa2JfaW1ncy9pbWcxNzUtYzEtMS50aWZmIi8+PC9UaWZmRGF0YT48UGxhbmUgVGhlQz0iMCIgVGhlVD0iMCIgVGhlWj0iMCIvPjwvUGl4ZWxzPjwvSW1hZ2U+PEltYWdlIElEPSJjZWJwIj48UGl4ZWxzIERpbWVuc2lvbk9yZGVyPSJYWUNaVCIgSUQ9IlBpeGVsczpjZWJwIiBTaXplVD0iMSIgU2l6ZVg9IjEiIFNpemVZPSIxIj48VGlmZkRhdGEgRmlyc3RDPSIwIiBGaXJzdFQ9IjAiIEZpcnN0Wj0iMCIgSUZEPSIwIiBQbGFuZUNvdW50PSIxIj48VVVJRCBGaWxlTmFtZT0iZmlsZTovLy9aOi9UQUQvMTkwNjAzXzN0M2wxX3RpbWVjb3Vyc2UvdDRoLzExMWtiX2ltZ3MvaW1nMTc1LWMyLS50aWZmIi8+PC9UaWZmRGF0YT48UGxhbmUgVGhlQz0iMCIgVGhlVD0iMCIgVGhlWj0iMCIvPjwvUGl4ZWxzPjwvSW1hZ2U+PEltYWdlIElEPSJwcGFyIj48UGl4ZWxzIERpbWVuc2lvbk9yZGVyPSJYWUNaVCIgSUQ9IlBpeGVsczpwcGFyIiBTaXplVD0iMSIgU2l6ZVg9IjEiIFNpemVZPSIxIj48VGlmZkRhdGEgRmlyc3RDPSIwIiBGaXJzdFQ9IjAiIEZpcnN0Wj0iMCIgSUZEPSIwIiBQbGFuZUNvdW50PSIxIj48VVVJRCBGaWxlTmFtZT0iZmlsZTovLy9aOi9UQUQvMTkwNjAzXzN0M2wxX3RpbWVjb3Vyc2UvdDRoLzExMWtiX2ltZ3MvaW1nMTc1LWMzPD94bWwgdmVyc2lvbj0iMS4wIiBlbmNvZGluZz0iVVRGLTgiPz48T01FIHhtbG5zPSJodHRwOi8vd3d3Lm9wZW5taWNyb3Njb3B5Lm9yZy9TY2hlbWFzL09NRS8yMDE2LTA2Ij48SW1hZ2UgSUQ9ImRhcGkiPjxQaXhlbHMgRGltZW5zaW9uT3JkZXI9IlhZQ1pUIiBJRD0iUGl4ZWxzOmRhcGkiIFNpemVUPSIxIiBTaXplWD0iMSIgU2l6ZVk9IjEiPjxUaWZmRGF0YSBGaXJzdEM9IjAiIEZpcnN0VD0iMCIgRmlyc3RaPSIwIiBJRkQ9IjAiIFBsYW5lQ291bnQ9IjEiPjxVVUlEIEZpbGVOYW1lPSJmaWxlOi8vL1o6L1RBRC8xOTA2MDNfM3QzbDFfdGltZWNvdXJzZS90NGgvMTExa2JfaW1ncy9pbWcxNzUtYzEudGlmZiIvPjwvVGlmZkRhdGE+PFBsYW5lIFRoZUM9IjAiIFRoZVQ9IjAiIFRoZVo9IjAiLz48L1BpeGVscz48L0ltYWdlPjxJbWFnZSBJRD0iY2VicCI+PFBpeGVscyBEaW1lbnNpb25PcmRlcj0iWFlDWlQiIElEPSJQaXhlbHM6Y2VicCIgU2l6ZVQ9IjEiIFNpemVYPSIxIiBTaXplWT0iMSI+PFRpZmZEYXRhIEZpcnN0Qz0iMCIgRmlyc3RUPSIwIiBGaXJzdFo9IjAiIElGRD0iMCIgUGxhbmVDb3VudD0iMSI+PFVVSUQgRmlsZU5hbWU9ImZpbGU6Ly8vWjovVEFELzE5MDYwM18zdDNsMV90aW1lY291cnNlL3Q0aC8tYzIudGlmZiIvPjwvVGlmZkRhdGE+PFBsYW5lIFRoZUM9IjAiIFRoZVQ9IjAiIFRoZVo9IjAiLz48L1BpeGVscz48L0ltYWdlPjxJbWFnZSBJRD0icHBhciI+PFBpeGVscyBEaW1lbnNpb25PcmRlcj0iWFlDWlQiIElEPSJQaXhlbHM6cHBhciIgU2l6ZVQ9IjEiIFNpemVYPSIxIiBTaXplWT0iMSI+PFRpZmZEYXRhIEZpcnN0Qz0iMCIgRmlyc3RUPSIwIiBGaXJzdFo9IjAiIElGRD0iMCIgUGxhbmVDb3VudD0iMSI+PFVVSUQgRmlsZU5hbWU9ImZpbGU6Ly8vWjovVEFELzE5MDYwM18zdDNsMV90aW1lY291cnNlL3Q0aC8xMWJpbWd4bWxzaW9uMS4wImVuY29GP09NRW5zOi93dy5vcGdTbXMvT01FLTA2Ij48ZGlkYXBpIiBTaXplVD0iMSIgU2l6ZVg9IjEiIFNpemVZPSIxIj48VGlmZkRhdGEgRmlyc3RDPSIwIiBGaXJzdFQ9IjAiIEZpcnN0Wj0iMCIgSUZEPSIwIiBQbGFuZUNvdW50PSIxIj48VVVJRCBGaWxlTmFtZT0iZmlsZTovLy9aOi9UQUQvMTkwNjAzXzN0M2wxX3RpbWVjb3Vyc2UvdDRoLzY0a2JfaW1ncy9pbWcxNzIxLWMxLnRpZmYiLz48L1RpZmZEYXRhPjxQbGFuZSBUaGVDPSIwIiBUaGVUPSIwIiBUaGVaPSIwIi8+PC9QaXhlbHM+PC9JbWFnZT48SW1hZ2UgSUQ9InAiPjxQaXhlbHMgRGltZW5zaW9uT3JkZXI9IlhZQ1pUIiBJRD0iUGl4ZWxzOmNlYnAidGlmZj48UGxhbmUgVGhlQz0iMCIgVGhlVD0iMCI9IjAiLz48L1B4PjwvbWFJbWFnZSBJcj48UGl4ZWxzIGltZXJUIiBJRD0icHBhciIgU2l6ZT0iMSIgU2l6ZVg9IjEiWT0iMSI+PFRpZmZEYXRhIEZpcnN0Qz0iMCIgRmlyc3RUPSIwIiBaPSIwIkQ9Im91PSIxVUlEIEZpbWVpbGU6Ly9aOi9UX3RpbWVyc2hrYl9pbWdzL2ltZzE3
Metadata_Tags,"[""ImageNumber""]"
Pipeline_Pipeline,"CellProfiler Pipeline: http://www.cellprofiler.org
Version:4
DateRevision:319
GitHash:
ModuleCount:10
HasImagePlaneDetails:False

Images:[module_num:1|svn_version:\'Unknown\'|variable_revision_number:2|show_window:False|notes:\x5B\'To begin creating your project, use the Images module to compile a list of files and/or folders that you want to analyze. You can also specify a set of rules to include only the desired files in your selected folders.\'\x5D|batch_state:array(\x5B\x5D, dtype=uint8)|enabled:True|wants_pause:False]
    :\xff\xfe
    Filter images?:\xff\xfeI\x00m\x00a\x00g\x00e\x00s\x00 \x00o\x00n\x00l\x00y\x00
    Select the rule criteria:\xff\xfea\x00n\x00d\x00 \x00(\x00e\x00x\x00t\x00e\x00n\x00s\x00i\x00o\x00n\x00 \x00d\x00o\x00e\x00s\x00 \x00i\x00s\x00i\x00m\x00a\x00g\x00e\x00)\x00 \x00(\x00d\x00i\x00r\x00e\x00c\x00t\x00o\x00r\x00y\x00 \x00d\x00o\x00e\x00s\x00n\x00o\x00t\x00 \x00c\x00o\x00n\x00t\x00a\x00i\x00n\x00r\x00e\x00g\x00e\x00x\x00p\x00 \x00""\x00\x5B\x00\\\x00\\\x00\\\x00\\\x00/\x00\x5D\x00\\\x00\\\x00.\x00""\x00)\x00

Metadata:[module_num:2|svn_version:\'Unknown\'|variable_revision_number:5|show_window:False|notes:\x5B\'The Metadata module optionally allows you to extract information describing your images (i.e, metadata) which will be stored along with your measurements. This information can be contained in the file name and/or location, or in an external file.\'\x5D|batch_state:array(\x5B\x5D, dtype=uint8)|enabled:True|wants_pause:False]
    Extract metadata?:\xff\xfeY\x00e\x00s\x00
    Metadata data type:\xff\xfeT\x00e\x00x\x00t\x00
    Metadata types:\xff\xfe{\x00}\x00
    Extraction method count:\xff\xfe1\x00
    Metadata extraction method:\xff\xfeE\x00x\x00t\x00r\x00a\x00c\x00t\x00 \x00f\x00r\x00o\x00m\x00 \x00f\x00i\x00l\x00e\x00/\x00f\x00o\x00l\x00d\x00e\x00r\x00 \x00n\x00a\x00m\x00e\x00s\x00
    Metadata source:\xff\xfeF\x00i\x00l\x00e\x00 \x00n\x00a\x00m\x00e\x00
    Regular expression to extract from file name:\xff\xfe^\x00(\x00?\x00P\x00<\x00P\x00l\x00a\x00t\x00e\x00>\x00.\x00*\x00)\x00_\x00(\x00?\x00P\x00<\x00W\x00e\x00l\x00l\x00>\x00\x5B\x00A\x00-\x00P\x00\x5D\x00\x5B\x000\x00-\x009\x00\x5D\x00{\x002\x00}\x00)\x00_\x00s\x00(\x00?\x00P\x00<\x00S\x00i\x00t\x00e\x00>\x00\x5B\x000\x00-\x009\x00\x5D\x00)\x00_\x00w\x00(\x00?\x00P\x00<\x00C\x00h\x00a\x00n\x00n\x00e\x00l\x00N\x00u\x00m\x00b\x00e\x00r\x00>\x00\x5B\x000\x00-\x009\x00\x5D\x00)\x00
    Regular expression to extract from folder name:\xff\xfe(\x00?\x00P\x00<\x00D\x00a\x00t\x00e\x00>\x00\x5B\x000\x00-\x009\x00\x5D\x00{\x004\x00}\x00_\x00\x5B\x000\x00-\x009\x00\x5D\x00{\x002\x00}\x00_\x00\x5B\x000\x00-\x009\x00\x5D\x00{\x002\x00}\x00)\x00$\x00
    Extract metadata from:\xff\xfeA\x00l\x00l\x00 \x00i\x00m\x00a\x00g\x00e\x00s\x00
    Select the filtering criteria:\xff\xfea\x00n\x00d\x00 \x00(\x00f\x00i\x00l\x00e\x00 \x00d\x00o\x00e\x00s\x00 \x00c\x00o\x00n\x00t\x00a\x00i\x00n\x00 \x00""\x00""\x00)\x00
    Metadata file location:\xff\xfeE\x00l\x00s\x00e\x00w\x00h\x00e\x00r\x00e\x00.\x00.\x00.\x00\x7C\x00
    Match file and image metadata:\xff\xfe\x5B\x00\x5D\x00
    Use case insensitive matching?:\xff\xfeN\x00o\x00
    Metadata file name:\xff\xfeN\x00o\x00n\x00e\x00

NamesAndTypes:[module_num:3|svn_version:\'Unknown\'|variable_revision_number:8|show_window:False|notes:\x5B\'The NamesAndTypes module allows you to assign a meaningful name to each image by which other modules will refer to it.\'\x5D|batch_state:array(\x5B\x5D, dtype=uint8)|enabled:True|wants_pause:False]
    Assign a name to:\xff\xfeI\x00m\x00a\x00g\x00e\x00s\x00 \x00m\x00a\x00t\x00c\x00h\x00i\x00n\x00g\x00 \x00r\x00u\x00l\x00e\x00s\x00
    Select the image type:\xff\xfeG\x00r\x00a\x00y\x00s\x00c\x00a\x00l\x00e\x00 \x00i\x00m\x00a\x00g\x00e\x00
    Name to assign these images:\xff\xfeb\x00o\x00d\x00i\x00p\x00y\x00
    Match metadata:\xff\xfe\x5B\x00\x5D\x00
    Image set matching method:\xff\xfeO\x00r\x00d\x00e\x00r\x00
    Set intensity range from:\xff\xfeI\x00m\x00a\x00g\x00e\x00 \x00m\x00e\x00t\x00a\x00d\x00a\x00t\x00a\x00
    Assignments count:\xff\xfe3\x00
    Single images count:\xff\xfe0\x00
    Maximum intensity:\xff\xfe2\x005\x005\x00.\x000\x00
    Process as 3D?:\xff\xfeN\x00o\x00
    Relative pixel spacing in X:\xff\xfe1\x00.\x000\x00
    Relative pixel spacing in Y:\xff\xfe1\x00.\x000\x00
    Relative pixel spacing in Z:\xff\xfe1\x00.\x000\x00
    Select the rule criteria:\xff\xfea\x00n\x00d\x00 \x00(\x00f\x00i\x00l\x00e\x00 \x00d\x00o\x00e\x00s\x00 \x00c\x00o\x00n\x00t\x00a\x00i\x00n\x00 \x00""\x00c\x001\x00""\x00)\x00
    Name to assign these images:\xff\xfed\x00a\x00p\x00i\x00
    Name to assign these objects:\xff\xfeC\x00e\x00l\x00l\x00
    Select the image type:\xff\xfeG\x00r\x00a\x00y\x00s\x00c\x00a\x00l\x00e\x00 \x00i\x00m\x00a\x00g\x00e\x00
    Set intensity range from:\xff\xfeI\x00m\x00a\x00g\x00e\x00 \x00m\x00e\x00t\x00a\x00d\x00a\x00t\x00a\x00
    Maximum intensity:\xff\xfe2\x005\x005\x00.\x000\x00
    Select the rule criteria:\xff\xfea\x00n\x00d\x00 \x00(\x00f\x00i\x00l\x00e\x00 \x00d\x00o\x00e\x00s\x00 \x00c\x00o\x00n\x00t\x00a\x00i\x00n\x00 \x00""\x00c\x002\x00""\x00)\x00
    Name to assign these images:\xff\xfec\x00e\x00b\x00p\x00
    Name to assign these objects:\xff\xfeN\x00u\x00c\x00l\x00e\x00u\x00s\x00
    Select the image type:\xff\xfeG\x00r\x00a\x00y\x00s\x00c\x00a\x00l\x00e\x00 \x00i\x00m\x00a\x00g\x00e\x00
    Set intensity range from:\xff\xfeI\x00m\x00a\x00g\x00e\x00 \x00m\x00e\x00t\x00a\x00d\x00a\x00t\x00a\x00
    Maximum intensity:\xff\xfe2\x005\x005\x00.\x000\x00
    Select the rule criteria:\xff\xfeo\x00r\x00 \x00(\x00f\x00i\x00l\x00e\x00 \x00d\x00o\x00e\x00s\x00 \x00c\x00o\x00n\x00t\x00a\x00i\x00n\x00 \x00""\x00c\x003\x00""\x00)\x00
    Name to assign these images:\xff\xfep\x00p\x00a\x00r\x00
    Name to assign these objects:\xff\xfeC\x00y\x00t\x00o\x00p\x00l\x00a\x00s\x00m\x00
    Select the image type:\xff\xfeG\x00r\x00a\x00y\x00s\x00c\x00a\x00l\x00e\x00 \x00i\x00m\x00a\x00g\x00e\x00
    Set intensity range from:\xff\xfeI\x00m\x00a\x00g\x00e\x00 \x00m\x00e\x00t\x00a\x00d\x00a\x00t\x00a\x00
    Maximum intensity:\xff\xfe2\x005\x005\x00.\x000\x00

Groups:[module_num:4|svn_version:\'Unknown\'|variable_revision_number:2|show_window:False|notes:\x5B\'The Groups module optionally allows you to split your list of images into image subsets (groups) which will be processed independently of each other. Examples of groupings include screening batches, microtiter plates, time-lapse movies, etc.\'\x5D|batch_state:array(\x5B\x5D, dtype=uint8)|enabled:True|wants_pause:False]
    Do you want to group your images?:\xff\xfeN\x00o\x00
    grouping metadata count:\xff\xfe1\x00
    Metadata category:\xff\xfeN\x00o\x00n\x00e\x00

IdentifyPrimaryObjects:[module_num:5|svn_version:\'Unknown\'|variable_revision_number:13|show_window:False|notes:\x5B\x5D|batch_state:array(\x5B\x5D, dtype=uint8)|enabled:True|wants_pause:False]
    Select the input image:\xff\xfed\x00a\x00p\x00i\x00
    Name the primary objects to be identified:\xff\xfen\x00u\x00c\x00l\x00e\x00i\x00
    Typical diameter of objects, in pixel units (Min,Max):\xff\xfe1\x007\x005\x00,\x002\x002\x005\x00
    Discard objects outside the diameter range?:\xff\xfeN\x00o\x00
    Discard objects touching the border of the image?:\xff\xfeN\x00o\x00
    Method to distinguish clumped objects:\xff\xfeI\x00n\x00t\x00e\x00n\x00s\x00i\x00t\x00y\x00
    Method to draw dividing lines between clumped objects:\xff\xfeI\x00n\x00t\x00e\x00n\x00s\x00i\x00t\x00y\x00
    Size of smoothing filter:\xff\xfe1\x000\x00
    Suppress local maxima that are closer than this minimum allowed distance:\xff\xfe7\x00.\x000\x00
    Speed up by using lower-resolution image to find local maxima?:\xff\xfeY\x00e\x00s\x00
    Fill holes in identified objects?:\xff\xfeA\x00f\x00t\x00e\x00r\x00 \x00b\x00o\x00t\x00h\x00 \x00t\x00h\x00r\x00e\x00s\x00h\x00o\x00l\x00d\x00i\x00n\x00g\x00 \x00a\x00n\x00d\x00 \x00d\x00e\x00c\x00l\x00u\x00m\x00p\x00i\x00n\x00g\x00
    Automatically calculate size of smoothing filter for declumping?:\xff\xfeY\x00e\x00s\x00
    Automatically calculate minimum allowed distance between local maxima?:\xff\xfeY\x00e\x00s\x00
    Handling of objects if excessive number of objects identified:\xff\xfeC\x00o\x00n\x00t\x00i\x00n\x00u\x00e\x00
    Maximum number of objects:\xff\xfe5\x000\x000\x00
    Use advanced settings?:\xff\xfeY\x00e\x00s\x00
    Threshold setting version:\xff\xfe1\x000\x00
    Threshold strategy:\xff\xfeG\x00l\x00o\x00b\x00a\x00l\x00
    Thresholding method:\xff\xfeM\x00i\x00n\x00i\x00m\x00u\x00m\x00 \x00c\x00r\x00o\x00s\x00s\x00 \x00e\x00n\x00t\x00r\x00o\x00p\x00y\x00
    Threshold smoothing scale:\xff\xfe2\x00
    Threshold correction factor:\xff\xfe1\x00.\x000\x00
    Lower and upper bounds on threshold:\xff\xfe0\x00.\x000\x00,\x001\x00.\x000\x00
    Manual threshold:\xff\xfe0\x00.\x000\x00
    Select the measurement to threshold with:\xff\xfeN\x00o\x00n\x00e\x00
    Two-class or three-class thresholding?:\xff\xfeT\x00w\x00o\x00 \x00c\x00l\x00a\x00s\x00s\x00e\x00s\x00
    Assign pixels in the middle intensity class to the foreground or the background?:\xff\xfeF\x00o\x00r\x00e\x00g\x00r\x00o\x00u\x00n\x00d\x00
    Size of adaptive window:\xff\xfe5\x000\x00
    Lower outlier fraction:\xff\xfe0\x00.\x000\x005\x00
    Upper outlier fraction:\xff\xfe0\x00.\x000\x005\x00
    Averaging method:\xff\xfeM\x00e\x00a\x00n\x00
    Variance method:\xff\xfeS\x00t\x00a\x00n\x00d\x00a\x00r\x00d\x00 \x00d\x00e\x00v\x00i\x00a\x00t\x00i\x00o\x00n\x00
    # of deviations:\xff\xfe2\x00.\x000\x00
    Thresholding method:\xff\xfeO\x00t\x00s\x00u\x00

ConvertObjectsToImage:[module_num:6|svn_version:\'Unknown\'|variable_revision_number:1|show_window:False|notes:\x5B\x5D|batch_state:array(\x5B\x5D, dtype=uint8)|enabled:False|wants_pause:False]
    Select the input objects:\xff\xfen\x00u\x00c\x00l\x00e\x00i\x00
    Name the output image:\xff\xfes\x00e\x00g\x00m\x00_\x00n\x00u\x00c\x00l\x00e\x00i\x00
    Select the color format:\xff\xfeC\x00o\x00l\x00o\x00r\x00
    Select the colormap:\xff\xfeD\x00e\x00f\x00a\x00u\x00l\x00t\x00

SaveImages:[module_num:7|svn_version:\'Unknown\'|variable_revision_number:13|show_window:False|notes:\x5B\x5D|batch_state:array(\x5B\x5D, dtype=uint8)|enabled:False|wants_pause:False]
    Select the type of image to save:\xff\xfeI\x00m\x00a\x00g\x00e\x00
    Select the image to save:\xff\xfes\x00e\x00g\x00m\x00_\x00n\x00u\x00c\x00l\x00e\x00i\x00
    Select method for constructing file names:\xff\xfeF\x00r\x00o\x00m\x00 \x00i\x00m\x00a\x00g\x00e\x00 \x00f\x00i\x00l\x00e\x00n\x00a\x00m\x00e\x00
    Select image name for file prefix:\xff\xfed\x00a\x00p\x00i\x00
    Enter single file name:\xff\xfeO\x00r\x00i\x00g\x00B\x00l\x00u\x00e\x00
    Number of digits:\xff\xfe4\x00
    Append a suffix to the image file name?:\xff\xfeN\x00o\x00
    Text to append to the image name:\xff\xfe
    Saved file format:\xff\xfet\x00i\x00f\x00f\x00
    Output file location:\xff\xfeE\x00l\x00s\x00e\x00w\x00h\x00e\x00r\x00e\x00.\x00.\x00.\x00\x7C\x00Z\x00\x3A\x00\\\x00\\\x00T\x00A\x00D\x00\\\x00\\\x002\x000\x000\x004\x002\x008\x00_\x00a\x00d\x00i\x00p\x00o\x00g\x00e\x00n\x00e\x00s\x00i\x00s\x00_\x00t\x00i\x00m\x00e\x00c\x00o\x00u\x00r\x00s\x00e\x00s\x00_\x00r\x00e\x00v\x00i\x00s\x00i\x00t\x00e\x00d\x00\\\x00\\\x001\x009\x000\x006\x000\x003\x00_\x003\x00t\x003\x00l\x001\x00_\x00t\x00i\x00m\x00e\x00c\x00o\x00u\x00r\x00s\x00e\x00\\\x00\\\x00c\x00p\x00_\x00o\x00u\x00t\x00p\x00u\x00t\x00_\x00i\x00m\x00a\x00g\x00e\x00s\x001\x001\x001\x00k\x00b\x00
    Image bit depth:\xff\xfe8\x00-\x00b\x00i\x00t\x00 \x00i\x00n\x00t\x00e\x00g\x00e\x00r\x00
    Overwrite existing files without warning?:\xff\xfeN\x00o\x00
    When to save:\xff\xfeE\x00v\x00e\x00r\x00y\x00 \x00c\x00y\x00c\x00l\x00e\x00
    Record the file and path information to the saved image?:\xff\xfeN\x00o\x00
    Create subfolders in the output folder?:\xff\xfeN\x00o\x00
    Base image folder:\xff\xfeE\x00l\x00s\x00e\x00w\x00h\x00e\x00r\x00e\x00.\x00.\x00.\x00\x7C\x00

MeasureObjectIntensity:[module_num:8|svn_version:\'Unknown\'|variable_revision_number:3|show_window:False|notes:\x5B\x5D|batch_state:array(\x5B\x5D, dtype=uint8)|enabled:True|wants_pause:False]
    Hidden:\xff\xfe3\x00
    Select an image to measure:\xff\xfec\x00e\x00b\x00p\x00
    Select an image to measure:\xff\xfep\x00p\x00a\x00r\x00
    Select an image to measure:\xff\xfed\x00a\x00p\x00i\x00
    Select objects to measure:\xff\xfen\x00u\x00c\x00l\x00e\x00i\x00

MeasureObjectSizeShape:[module_num:9|svn_version:\'Unknown\'|variable_revision_number:1|show_window:False|notes:\x5B\x5D|batch_state:array(\x5B\x5D, dtype=uint8)|enabled:True|wants_pause:False]
    Select objects to measure:\xff\xfen\x00u\x00c\x00l\x00e\x00i\x00
    Calculate the Zernike features?:\xff\xfeY\x00e\x00s\x00

ExportToSpreadsheet:[module_num:10|svn_version:\'Unknown\'|variable_revision_number:12|show_window:False|notes:\x5B\x5D|batch_state:array(\x5B\x5D, dtype=uint8)|enabled:True|wants_pause:False]
    Select the column delimiter:\xff\xfeC\x00o\x00m\x00m\x00a\x00 \x00(\x00""\x00,\x00""\x00)\x00
    Add image metadata columns to your object data file?:\xff\xfeN\x00o\x00
    Select the measurements to export:\xff\xfeN\x00o\x00
    Calculate the per-image mean values for object measurements?:\xff\xfeN\x00o\x00
    Calculate the per-image median values for object measurements?:\xff\xfeN\x00o\x00
    Calculate the per-image standard deviation values for object measurements?:\xff\xfeN\x00o\x00
    Output file location:\xff\xfeD\x00e\x00f\x00a\x00u\x00l\x00t\x00 \x00O\x00u\x00t\x00p\x00u\x00t\x00 \x00F\x00o\x00l\x00d\x00e\x00r\x00\x7C\x00D\x00e\x00s\x00k\x00t\x00o\x00p\x00\\\x00\\\x00T\x00A\x00D\x00_\x00t\x00e\x00m\x00p\x00_\x00a\x00n\x00a\x00l\x00y\x00s\x00i\x00s\x00
    Create a GenePattern GCT file?:\xff\xfeN\x00o\x00
    Select source of sample row name:\xff\xfeM\x00e\x00t\x00a\x00d\x00a\x00t\x00a\x00
    Select the image to use as the identifier:\xff\xfeN\x00o\x00n\x00e\x00
    Select the metadata to use as the identifier:\xff\xfeN\x00o\x00n\x00e\x00
    Export all measurement types?:\xff\xfeY\x00e\x00s\x00
    Press button to select measurements:\xff\xfe
    Representation of Nan/Inf:\xff\xfeN\x00a\x00N\x00
    Add a prefix to file names?:\xff\xfeY\x00e\x00s\x00
    Filename prefix:\xff\xfeM\x00y\x00E\x00x\x00p\x00t\x00_\x00t\x004\x00h\x00_\x00
    Overwrite existing files without warning?:\xff\xfeN\x00o\x00
    Data to export:\xff\xfeD\x00o\x00 \x00n\x00o\x00t\x00 \x00u\x00s\x00e\x00
    Combine these object measurements with those of the previous object?:\xff\xfeN\x00o\x00
    File name:\xff\xfeD\x00A\x00T\x00A\x00.\x00c\x00s\x00v\x00
    Use the object name for the file name?:\xff\xfeY\x00e\x00s\x00
"
Run_Timestamp,2020-05-13T13:23:26.276000
