Channel_cebp,Channel_dapi,Channel_gr,Channel_h3k4me1,Count_nuclei,ExecutionTime_01Images,ExecutionTime_02Metadata,ExecutionTime_03NamesAndTypes,ExecutionTime_04Groups,ExecutionTime_05IdentifyPrimaryObjects,ExecutionTime_06ConvertObjectsToImage,ExecutionTime_07SaveImages,ExecutionTime_08MeasureObjectIntensity,ExecutionTime_09MeasureObjectSizeShape,FileName_cebp,FileName_dapi,FileName_gr,FileName_h3k4me1,Frame_cebp,Frame_dapi,Frame_gr,Frame_h3k4me1,Group_Index,Group_Number,Height_cebp,Height_dapi,Height_gr,Height_h3k4me1,ImageNumber,ImageSet_ImageSet,MD5Digest_cebp,MD5Digest_dapi,MD5Digest_gr,MD5Digest_h3k4me1,Metadata_ChannelNumber,Metadata_FileLocation,Metadata_Frame,Metadata_Plate,Metadata_Series,Metadata_Site,Metadata_Well,ModuleError_01Images,ModuleError_02Metadata,ModuleError_03NamesAndTypes,ModuleError_04Groups,ModuleError_05IdentifyPrimaryObjects,ModuleError_06ConvertObjectsToImage,ModuleError_07SaveImages,ModuleError_08MeasureObjectIntensity,ModuleError_09MeasureObjectSizeShape,PathName_cebp,PathName_dapi,PathName_gr,PathName_h3k4me1,ProcessingStatus,Scaling_cebp,Scaling_dapi,Scaling_gr,Scaling_h3k4me1,Series_cebp,Series_dapi,Series_gr,Series_h3k4me1,Threshold_FinalThreshold_nuclei,Threshold_OrigThreshold_nuclei,Threshold_SumOfEntropies_nuclei,Threshold_WeightedVariance_nuclei,URL_cebp,URL_dapi,URL_gr,URL_h3k4me1,Width_cebp,Width_dapi,Width_gr,Width_h3k4me1
-1,-1,-1,-1,19.0,0,0,6.46875,0,10.8125,1.984375,0.5,6.84375,21.640625,stad3-49-xy1c4.tif,stad3-49-xy1c1.tif,stad3-49-xy1c3.tif,stad3-49-xy1c2.tif,0,0,0,0,1,1,2048,2048,2048,2048,1,eLslAQESG22I0LBdOtosITPgRpslZATaaCOFzIAzoVLAgQo9OwCeaJ8+,56032efe528070c82bed11e095d8485a,3a54ab2539d69ec03d0a80a96b9064c5,0f0dc68e86391fdf1359bab70b73b0af,8540ba2c8c5a7fa74f648a0d2d0fdcbb,nan,nan,0,nan,0,nan,nan,0,0,0,0,0,0,0,0,0,Z:\TAD\190720_3t3l1_time_course_r6\stad3-49,Z:\TAD\190720_3t3l1_time_course_r6\stad3-49,Z:\TAD\190720_3t3l1_time_course_r6\stad3-49,Z:\TAD\190720_3t3l1_time_course_r6\stad3-49,Done,65535,65535,65535,65535,0,0,0,0,0.05780714517459273,0.05780714517459273,-12.89311074717767,0.10463292796501339,file:///Z:/TAD/190720_3t3l1_time_course_r6/stad3-49/stad3-49-xy1c4.tif,file:///Z:/TAD/190720_3t3l1_time_course_r6/stad3-49/stad3-49-xy1c1.tif,file:///Z:/TAD/190720_3t3l1_time_course_r6/stad3-49/stad3-49-xy1c3.tif,file:///Z:/TAD/190720_3t3l1_time_course_r6/stad3-49/stad3-49-xy1c2.tif,2044,2044,2044,2044
-1,-1,-1,-1,10.0,0,0,9.0625,0,15.671875,4.140625,1.21875,9.5625,51.953125,stad3-49-xy2c4.tif,stad3-49-xy2c1.tif,stad3-49-xy2c3.tif,stad3-49-xy2c2.tif,0,0,0,0,2,1,2048,2048,2048,2048,2,eLslAQESG22I0KyRZzTaLCE34EabJWQE2mgjhcyAM6FSwIEKPTsApvKfQg==,01a01efa7e37efb9aeafde4a60974dd5,19c679042dae70c4b753c5d54b719c1d,3a0dab93aa23a255809f42dc56d55004,d4f3e23bd090504349cdfc84d80c2273,nan,nan,0,nan,0,nan,nan,0,0,0,0,0,0,0,0,0,Z:\TAD\190720_3t3l1_time_course_r6\stad3-49,Z:\TAD\190720_3t3l1_time_course_r6\stad3-49,Z:\TAD\190720_3t3l1_time_course_r6\stad3-49,Z:\TAD\190720_3t3l1_time_course_r6\stad3-49,Done,65535,65535,65535,65535,0,0,0,0,0.04568917246069759,0.04568917246069759,-12.58130542654937,0.0635822956841012,file:///Z:/TAD/190720_3t3l1_time_course_r6/stad3-49/stad3-49-xy2c4.tif,file:///Z:/TAD/190720_3t3l1_time_course_r6/stad3-49/stad3-49-xy2c1.tif,file:///Z:/TAD/190720_3t3l1_time_course_r6/stad3-49/stad3-49-xy2c3.tif,file:///Z:/TAD/190720_3t3l1_time_course_r6/stad3-49/stad3-49-xy2c2.tif,2044,2044,2044,2044
-1,-1,-1,-1,7.0,0,0,9.53125,0,15.90625,4.203125,1.203125,10.328125,47.46875,stad3-49-xy3c4.tif,stad3-49-xy3c1.tif,stad3-49-xy3c3.tif,stad3-49-xy3c2.tif,0,0,0,0,3,1,2048,2048,2048,2048,3,eLslAQESG22I0KyRZzzaLCE34EabJWQE2mgjhcyAM6FSwIEKPTsAr3yfRg==,ff525bb16427b147dcfa9f48f4c1176c,f10ddfb6aaf6fdecf10c227b2b3399ed,0829b25b0bdf4940c017da62fabe1acc,9ff0d3f0c1c13c82781e9a847b87dab6,nan,nan,0,nan,0,nan,nan,0,0,0,0,0,0,0,0,0,Z:\TAD\190720_3t3l1_time_course_r6\stad3-49,Z:\TAD\190720_3t3l1_time_course_r6\stad3-49,Z:\TAD\190720_3t3l1_time_course_r6\stad3-49,Z:\TAD\190720_3t3l1_time_course_r6\stad3-49,Done,65535,65535,65535,65535,0,0,0,0,0.04895398917142302,0.04895398917142302,-12.707838259046525,0.07142181053045792,file:///Z:/TAD/190720_3t3l1_time_course_r6/stad3-49/stad3-49-xy3c4.tif,file:///Z:/TAD/190720_3t3l1_time_course_r6/stad3-49/stad3-49-xy3c1.tif,file:///Z:/TAD/190720_3t3l1_time_course_r6/stad3-49/stad3-49-xy3c3.tif,file:///Z:/TAD/190720_3t3l1_time_course_r6/stad3-49/stad3-49-xy3c2.tif,2044,2044,2044,2044
-1,-1,-1,-1,14.0,0,0,9.34375,0,16.3125,4.6875,1.359375,13.59375,51.25,stad3-49-xy4c4.tif,stad3-49-xy4c1.tif,stad3-49-xy4c3.tif,stad3-49-xy4c2.tif,0,0,0,0,4,1,2048,2048,2048,2048,4,eLslAQESG22I0KyRZzLaLCE34EabJWQE2mgjhcyAM6FSwIEKPTsAuAafSg==,4d9aa6c98c75d4460861e4cdbb9ea2cf,706507672fe8d1740617049c1face95c,cd4776603c3b62b5d647b47bdf4f270f,64fcbf2e6821503c65a41901b194e14e,nan,nan,0,nan,0,nan,nan,0,0,0,0,0,0,0,0,0,Z:\TAD\190720_3t3l1_time_course_r6\stad3-49,Z:\TAD\190720_3t3l1_time_course_r6\stad3-49,Z:\TAD\190720_3t3l1_time_course_r6\stad3-49,Z:\TAD\190720_3t3l1_time_course_r6\stad3-49,Done,65535,65535,65535,65535,0,0,0,0,0.04630346683552489,0.04630346683552489,-12.683062330741752,0.07767640064198682,file:///Z:/TAD/190720_3t3l1_time_course_r6/stad3-49/stad3-49-xy4c4.tif,file:///Z:/TAD/190720_3t3l1_time_course_r6/stad3-49/stad3-49-xy4c1.tif,file:///Z:/TAD/190720_3t3l1_time_course_r6/stad3-49/stad3-49-xy4c3.tif,file:///Z:/TAD/190720_3t3l1_time_course_r6/stad3-49/stad3-49-xy4c2.tif,2044,2044,2044,2044
-1,-1,-1,-1,8.0,0,0,8.171875,0,14.296875,3.140625,0.984375,10.078125,51.546875,stad3-49-xy5c4.tif,stad3-49-xy5c1.tif,stad3-49-xy5c3.tif,stad3-49-xy5c2.tif,0,0,0,0,5,1,2048,2048,2048,2048,5,eLslAQESG22I0KyRN9osITvgRpslZATaaCOFzIAzoVLAgQo9OwDAkJ9O,9459821ddfbedd12837591595e2189b1,f12b05a80d1633b4220639ab20c7cc09,b42f1da7141c67cfd9cace6377489768,9a1d67203450b52620883835ab0dfbc4,nan,nan,0,nan,0,nan,nan,0,0,0,0,0,0,0,0,0,Z:\TAD\190720_3t3l1_time_course_r6\stad3-49,Z:\TAD\190720_3t3l1_time_course_r6\stad3-49,Z:\TAD\190720_3t3l1_time_course_r6\stad3-49,Z:\TAD\190720_3t3l1_time_course_r6\stad3-49,Done,65535,65535,65535,65535,0,0,0,0,0.04861264146165922,0.04861264146165922,-12.733042251958075,0.08462262135958153,file:///Z:/TAD/190720_3t3l1_time_course_r6/stad3-49/stad3-49-xy5c4.tif,file:///Z:/TAD/190720_3t3l1_time_course_r6/stad3-49/stad3-49-xy5c1.tif,file:///Z:/TAD/190720_3t3l1_time_course_r6/stad3-49/stad3-49-xy5c3.tif,file:///Z:/TAD/190720_3t3l1_time_course_r6/stad3-49/stad3-49-xy5c2.tif,2044,2044,2044,2044
-1,-1,-1,-1,13.0,0,0,9.546875,0,15.765625,4.09375,1.25,11.375,50.4375,stad3-49-xy6c4.tif,stad3-49-xy6c1.tif,stad3-49-xy6c3.tif,stad3-49-xy6c2.tif,0,0,0,0,6,1,2048,2048,2048,2048,6,eLslAQESG22I0KyRZzbaLCE34EabJWQE2mgjhcyAM6FSwIEKPTsAyRqfUg==,dacd439b45089a57d60807407a4fe5b3,e50bb6aed17498e98147d0a28769671c,e2896731db3cd99b4fbe6cc07e5b8908,ce768316052ac930809f558ffddbd13b,nan,nan,0,nan,0,nan,nan,0,0,0,0,0,0,0,0,0,Z:\TAD\190720_3t3l1_time_course_r6\stad3-49,Z:\TAD\190720_3t3l1_time_course_r6\stad3-49,Z:\TAD\190720_3t3l1_time_course_r6\stad3-49,Z:\TAD\190720_3t3l1_time_course_r6\stad3-49,Done,65535,65535,65535,65535,0,0,0,0,0.05293284298386425,0.05293284298386425,-12.783483227116104,0.08872932893677497,file:///Z:/TAD/190720_3t3l1_time_course_r6/stad3-49/stad3-49-xy6c4.tif,file:///Z:/TAD/190720_3t3l1_time_course_r6/stad3-49/stad3-49-xy6c1.tif,file:///Z:/TAD/190720_3t3l1_time_course_r6/stad3-49/stad3-49-xy6c3.tif,file:///Z:/TAD/190720_3t3l1_time_course_r6/stad3-49/stad3-49-xy6c2.tif,2044,2044,2044,2044
-1,-1,-1,-1,9.0,0,0,8.0,0,14.265625,3.203125,1.0625,10.25,46.875,stad3-49-xy7c4.tif,stad3-49-xy7c1.tif,stad3-49-xy7c3.tif,stad3-49-xy7c2.tif,0,0,0,0,7,1,2048,2048,2048,2048,7,eLslAQESG22I0KyRZz7aLCE34EabJWQE2mgjhcyAM6FSwIEKPTsA0aSfVg==,0f158d6aace6669fb22beb4a0f6daeb9,8ca147bf1affb039ece7fc53ee00f4fb,a89e11bdafee3937af3e3cf3e2169a03,72dabe7aecaed61c4ab0df675485b2aa,nan,nan,0,nan,0,nan,nan,0,0,0,0,0,0,0,0,0,Z:\TAD\190720_3t3l1_time_course_r6\stad3-49,Z:\TAD\190720_3t3l1_time_course_r6\stad3-49,Z:\TAD\190720_3t3l1_time_course_r6\stad3-49,Z:\TAD\190720_3t3l1_time_course_r6\stad3-49,Done,65535,65535,65535,65535,0,0,0,0,0.046644020127132535,0.046644020127132535,-12.812664701718905,0.05703279093894745,file:///Z:/TAD/190720_3t3l1_time_course_r6/stad3-49/stad3-49-xy7c4.tif,file:///Z:/TAD/190720_3t3l1_time_course_r6/stad3-49/stad3-49-xy7c1.tif,file:///Z:/TAD/190720_3t3l1_time_course_r6/stad3-49/stad3-49-xy7c3.tif,file:///Z:/TAD/190720_3t3l1_time_course_r6/stad3-49/stad3-49-xy7c2.tif,2044,2044,2044,2044
-1,-1,-1,-1,11.0,0,0,9.421875,0,16.171875,4.265625,1.203125,11.375,50.421875,stad3-49-xy8c4.tif,stad3-49-xy8c1.tif,stad3-49-xy8c3.tif,stad3-49-xy8c2.tif,0,0,0,0,8,1,2048,2048,2048,2048,8,eLslAQESG22I0KyRZzHaLCE34EabJWQE2mgjhcyAM6FSwIEKPTsA2i6fWg==,6d432dbe9ca6ed05e78e398e61be41b0,9becefac3ccd05c6d0ce6d5249e6698b,051900c902b366a28c831fedc79900af,0acb1f79b26ee1cca803e6f59c61a7cc,nan,nan,0,nan,0,nan,nan,0,0,0,0,0,0,0,0,0,Z:\TAD\190720_3t3l1_time_course_r6\stad3-49,Z:\TAD\190720_3t3l1_time_course_r6\stad3-49,Z:\TAD\190720_3t3l1_time_course_r6\stad3-49,Z:\TAD\190720_3t3l1_time_course_r6\stad3-49,Done,65535,65535,65535,65535,0,0,0,0,0.05091453861678019,0.05091453861678019,-12.746995178449328,0.07377893023946877,file:///Z:/TAD/190720_3t3l1_time_course_r6/stad3-49/stad3-49-xy8c4.tif,file:///Z:/TAD/190720_3t3l1_time_course_r6/stad3-49/stad3-49-xy8c1.tif,file:///Z:/TAD/190720_3t3l1_time_course_r6/stad3-49/stad3-49-xy8c3.tif,file:///Z:/TAD/190720_3t3l1_time_course_r6/stad3-49/stad3-49-xy8c2.tif,2044,2044,2044,2044
-1,-1,-1,-1,11.0,0,0,9.6875,0,16.328125,4.625,1.296875,11.203125,47.859375,stad3-49-xy9c4.tif,stad3-49-xy9c1.tif,stad3-49-xy9c3.tif,stad3-49-xy9c2.tif,0,0,0,0,9,1,2048,2048,2048,2048,9,eLslAQESG22I0KyRZznaLCE34EabJWQE2mgjhcyAM6FSwIEKPTsA4rifXg==,2afc8c9c7749745aab11d3f1c01c1d7f,c2c79fefbc906d8a2340fa7c870ef5b7,f296d390590dd0ef58b8359ac38f5143,05bed2e6f7022325fee2af90bfc70fc6,nan,nan,0,nan,0,nan,nan,0,0,0,0,0,0,0,0,0,Z:\TAD\190720_3t3l1_time_course_r6\stad3-49,Z:\TAD\190720_3t3l1_time_course_r6\stad3-49,Z:\TAD\190720_3t3l1_time_course_r6\stad3-49,Z:\TAD\190720_3t3l1_time_course_r6\stad3-49,Done,65535,65535,65535,65535,0,0,0,0,0.040085388463921845,0.040085388463921845,-12.406492154216282,0.07360510511964731,file:///Z:/TAD/190720_3t3l1_time_course_r6/stad3-49/stad3-49-xy9c4.tif,file:///Z:/TAD/190720_3t3l1_time_course_r6/stad3-49/stad3-49-xy9c1.tif,file:///Z:/TAD/190720_3t3l1_time_course_r6/stad3-49/stad3-49-xy9c3.tif,file:///Z:/TAD/190720_3t3l1_time_course_r6/stad3-49/stad3-49-xy9c2.tif,2044,2044,2044,2044
-1,-1,-1,-1,27.0,0,0,9.03125,0,17.09375,4.984375,1.328125,17.59375,56.515625,stad3-50-xy1c4.tif,stad3-50-xy1c1.tif,stad3-50-xy1c3.tif,stad3-50-xy1c2.tif,0,0,0,0,10,1,2048,2048,2048,2048,10,eLslAQESG22IUDPZGcAZ4HbpaLOEzIAbbZaQEWijjRQyA86ESgEHKvTsABOwnv4=,9fee11594da343781b3698e0c8938f30,6aee54ebc06fb40e5f0d2d275b430eb1,0774ddeaa9a3ffbf3eba488ce4df690a,730d57f8f0c2d15cba6de0e6481c565a,nan,nan,0,nan,0,nan,nan,0,0,0,0,0,0,0,0,0,Z:\TAD\190720_3t3l1_time_course_r6\stad3-50,Z:\TAD\190720_3t3l1_time_course_r6\stad3-50,Z:\TAD\190720_3t3l1_time_course_r6\stad3-50,Z:\TAD\190720_3t3l1_time_course_r6\stad3-50,Done,65535,65535,65535,65535,0,0,0,0,0.06541383790317923,0.06541383790317923,-12.577616014449337,0.0749315714164592,file:///Z:/TAD/190720_3t3l1_time_course_r6/stad3-50/stad3-50-xy1c4.tif,file:///Z:/TAD/190720_3t3l1_time_course_r6/stad3-50/stad3-50-xy1c1.tif,file:///Z:/TAD/190720_3t3l1_time_course_r6/stad3-50/stad3-50-xy1c3.tif,file:///Z:/TAD/190720_3t3l1_time_course_r6/stad3-50/stad3-50-xy1c2.tif,2044,2044,2044,2044
-1,-1,-1,-1,31.0,0,0,7.75,0,16.390625,4.96875,1.265625,19.421875,57.78125,stad3-50-xy2c4.tif,stad3-50-xy2c1.tif,stad3-50-xy2c3.tif,stad3-50-xy2c2.tif,0,0,0,0,11,1,2048,2048,2048,2048,11,eLslAQESG22IUDPZGcAZwGRnNNosITfgRpslZATaaCOFzIAzoVLAgQo9OwAcOp8C,e36b36b35883f5c8db9c643886984992,26b4bc9293ba68b0b11dd72162862a17,873d70540ffc426aed7ad8d641b7daf0,8e10a22633f4ea62a43cf3fc5d0275a6,nan,nan,0,nan,0,nan,nan,0,0,0,0,0,0,0,0,0,Z:\TAD\190720_3t3l1_time_course_r6\stad3-50,Z:\TAD\190720_3t3l1_time_course_r6\stad3-50,Z:\TAD\190720_3t3l1_time_course_r6\stad3-50,Z:\TAD\190720_3t3l1_time_course_r6\stad3-50,Done,65535,65535,65535,65535,0,0,0,0,0.06975695956498384,0.06975695956498384,-12.812776347218996,0.08580978807550112,file:///Z:/TAD/190720_3t3l1_time_course_r6/stad3-50/stad3-50-xy2c4.tif,file:///Z:/TAD/190720_3t3l1_time_course_r6/stad3-50/stad3-50-xy2c1.tif,file:///Z:/TAD/190720_3t3l1_time_course_r6/stad3-50/stad3-50-xy2c3.tif,file:///Z:/TAD/190720_3t3l1_time_course_r6/stad3-50/stad3-50-xy2c2.tif,2044,2044,2044,2044
-1,-1,-1,-1,22.0,0,0,9.484375,0,16.75,5.21875,1.1875,16.671875,55.71875,stad3-50-xy3c4.tif,stad3-50-xy3c1.tif,stad3-50-xy3c3.tif,stad3-50-xy3c2.tif,0,0,0,0,12,1,2048,2048,2048,2048,12,eLslAQESG22IUDPZGcAZwGRnPNosITfgRpslZATaaCOFzIAzoVLAgQo9OwAkxJ8G,2be7c35fc02d8aae88a75f03ab22cc00,aabb423ffabf13aaccd27ec58f384c1d,611ab257ac3cced7fc5e3e3313be8ba1,76bc053020155746d8b06700bb630315,nan,nan,0,nan,0,nan,nan,0,0,0,0,0,0,0,0,0,Z:\TAD\190720_3t3l1_time_course_r6\stad3-50,Z:\TAD\190720_3t3l1_time_course_r6\stad3-50,Z:\TAD\190720_3t3l1_time_course_r6\stad3-50,Z:\TAD\190720_3t3l1_time_course_r6\stad3-50,Done,65535,65535,65535,65535,0,0,0,0,0.07214663899503648,0.07214663899503648,-12.662840580200626,0.1077852454924682,file:///Z:/TAD/190720_3t3l1_time_course_r6/stad3-50/stad3-50-xy3c4.tif,file:///Z:/TAD/190720_3t3l1_time_course_r6/stad3-50/stad3-50-xy3c1.tif,file:///Z:/TAD/190720_3t3l1_time_course_r6/stad3-50/stad3-50-xy3c3.tif,file:///Z:/TAD/190720_3t3l1_time_course_r6/stad3-50/stad3-50-xy3c2.tif,2044,2044,2044,2044
-1,-1,-1,-1,18.0,0,0,8.984375,0,16.75,5.296875,1.140625,16.71875,57.265625,stad3-50-xy4c4.tif,stad3-50-xy4c1.tif,stad3-50-xy4c3.tif,stad3-50-xy4c2.tif,0,0,0,0,13,1,2048,2048,2048,2048,13,eLslAQESG22IUDPZGcAZ4Ew52iwhM+BGmyVkBNpoI4XMgDOhUsCBCj07AC1Onwo=,38e213fb9b1530b8dd3489e9525999b3,9646161f631fa2fea60534af781d3cdc,2ee2ead2e9a8ff8ff2bff609085ed562,ba0c2908f0fb97a49ff148c64fe1a672,nan,nan,0,nan,0,nan,nan,0,0,0,0,0,0,0,0,0,Z:\TAD\190720_3t3l1_time_course_r6\stad3-50,Z:\TAD\190720_3t3l1_time_course_r6\stad3-50,Z:\TAD\190720_3t3l1_time_course_r6\stad3-50,Z:\TAD\190720_3t3l1_time_course_r6\stad3-50,Done,65535,65535,65535,65535,0,0,0,0,0.06759728281758726,0.06759728281758726,-12.093114509599358,0.12162435397387665,file:///Z:/TAD/190720_3t3l1_time_course_r6/stad3-50/stad3-50-xy4c4.tif,file:///Z:/TAD/190720_3t3l1_time_course_r6/stad3-50/stad3-50-xy4c1.tif,file:///Z:/TAD/190720_3t3l1_time_course_r6/stad3-50/stad3-50-xy4c3.tif,file:///Z:/TAD/190720_3t3l1_time_course_r6/stad3-50/stad3-50-xy4c2.tif,2044,2044,2044,2044
-1,-1,-1,-1,19.0,0,0,9.40625,0,16.921875,4.96875,1.46875,13.625,55.796875,stad3-50-xy5c4.tif,stad3-50-xy5c1.tif,stad3-50-xy5c3.tif,stad3-50-xy5c2.tif,0,0,0,0,14,1,2048,2048,2048,2048,14,eLslAQESG22IUDPZGcAZ4Np1tFlCZsCNNkvICLTRRgqZAWdCpYADFXp2ADXYnw4=,41427bd4c0bc0e59bbb1309a15ae4403,8b329eb56ea5b6601673d6a07193a3f6,bcaf449f367c0594935765db040fd6dd,8f185e7f1987d0c1d722c0f64dbdc67e,nan,nan,0,nan,0,nan,nan,0,0,0,0,0,0,0,0,0,Z:\TAD\190720_3t3l1_time_course_r6\stad3-50,Z:\TAD\190720_3t3l1_time_course_r6\stad3-50,Z:\TAD\190720_3t3l1_time_course_r6\stad3-50,Z:\TAD\190720_3t3l1_time_course_r6\stad3-50,Done,65535,65535,65535,65535,0,0,0,0,0.05309139518067241,0.05309139518067241,-12.450206515232642,0.043992620196770076,file:///Z:/TAD/190720_3t3l1_time_course_r6/stad3-50/stad3-50-xy5c4.tif,file:///Z:/TAD/190720_3t3l1_time_course_r6/stad3-50/stad3-50-xy5c1.tif,file:///Z:/TAD/190720_3t3l1_time_course_r6/stad3-50/stad3-50-xy5c3.tif,file:///Z:/TAD/190720_3t3l1_time_course_r6/stad3-50/stad3-50-xy5c2.tif,2044,2044,2044,2044
-1,-1,-1,-1,19.0,0,0,9.15625,0,16.890625,4.75,1.296875,13.71875,56.421875,stad3-50-xy6c4.tif,stad3-50-xy6c1.tif,stad3-50-xy6c3.tif,stad3-50-xy6c2.tif,0,0,0,0,15,1,2048,2048,2048,2048,15,eLslAQESG22IUDPZGcAZwGRnNtosITfgRpslZATaaCOFzIAzoVLAgQo9OwA+Yp8S,99e006e28869e1c07429fac61bf59eca,ee66ce9853c52b4d737d22170b292449,44a21c3bc2669e103354567a38e9c7ff,c7e6f50e755fd20526351f334400233d,nan,nan,0,nan,0,nan,nan,0,0,0,0,0,0,0,0,0,Z:\TAD\190720_3t3l1_time_course_r6\stad3-50,Z:\TAD\190720_3t3l1_time_course_r6\stad3-50,Z:\TAD\190720_3t3l1_time_course_r6\stad3-50,Z:\TAD\190720_3t3l1_time_course_r6\stad3-50,Done,65535,65535,65535,65535,0,0,0,0,0.05872558162081987,0.05872558162081987,-12.78762980443165,0.06629674703829527,file:///Z:/TAD/190720_3t3l1_time_course_r6/stad3-50/stad3-50-xy6c4.tif,file:///Z:/TAD/190720_3t3l1_time_course_r6/stad3-50/stad3-50-xy6c1.tif,file:///Z:/TAD/190720_3t3l1_time_course_r6/stad3-50/stad3-50-xy6c3.tif,file:///Z:/TAD/190720_3t3l1_time_course_r6/stad3-50/stad3-50-xy6c2.tif,2044,2044,2044,2044
-1,-1,-1,-1,25.0,0,0,9.53125,0,17.0625,5.078125,1.484375,19.28125,57.328125,stad3-50-xy7c4.tif,stad3-50-xy7c1.tif,stad3-50-xy7c3.tif,stad3-50-xy7c2.tif,0,0,0,0,16,1,2048,2048,2048,2048,16,eLslAQESG22IUDPZGcAZwGRnPtosITfgRpslZATaaCOFzIAzoVLAgQo9OwBG7J8W,6d659aa30eebdc8be05622cc93b7c8d4,228f941cd36362e1b4039e62fd030fbf,12093b4a0d4172520170de32760a558c,e37c7668e69bd6c8a925913e09d1ccfb,nan,nan,0,nan,0,nan,nan,0,0,0,0,0,0,0,0,0,Z:\TAD\190720_3t3l1_time_course_r6\stad3-50,Z:\TAD\190720_3t3l1_time_course_r6\stad3-50,Z:\TAD\190720_3t3l1_time_course_r6\stad3-50,Z:\TAD\190720_3t3l1_time_course_r6\stad3-50,Done,65535,65535,65535,65535,0,0,0,0,0.0626862122444436,0.0626862122444436,-12.848744963113692,0.07618154934282093,file:///Z:/TAD/190720_3t3l1_time_course_r6/stad3-50/stad3-50-xy7c4.tif,file:///Z:/TAD/190720_3t3l1_time_course_r6/stad3-50/stad3-50-xy7c1.tif,file:///Z:/TAD/190720_3t3l1_time_course_r6/stad3-50/stad3-50-xy7c3.tif,file:///Z:/TAD/190720_3t3l1_time_course_r6/stad3-50/stad3-50-xy7c2.tif,2044,2044,2044,2044
-1,-1,-1,-1,24.0,0,0,8.0625,0,16.234375,5.09375,1.375,14.0,52.234375,stad3-50-xy8c4.tif,stad3-50-xy8c1.tif,stad3-50-xy8c3.tif,stad3-50-xy8c2.tif,0,0,0,0,17,1,2048,2048,2048,2048,17,eLslAQESG22IUDPZGcAZ4GQ32iwhM+BGmyVkBNpoI4XMgDOhUsCBCj07AE92nxo=,7301d16e85cec3d0e7665f18cb9f2112,a3e877710ecd13ff8c57c63f71b05dc1,491032dc2e6fcbd5464699191d83d972,2faee3c9de24b7297cbc260a37c6d2d7,nan,nan,0,nan,0,nan,nan,0,0,0,0,0,0,0,0,0,Z:\TAD\190720_3t3l1_time_course_r6\stad3-50,Z:\TAD\190720_3t3l1_time_course_r6\stad3-50,Z:\TAD\190720_3t3l1_time_course_r6\stad3-50,Z:\TAD\190720_3t3l1_time_course_r6\stad3-50,Done,65535,65535,65535,65535,0,0,0,0,0.049182236834894866,0.049182236834894866,-12.777156487515025,0.06033993971650916,file:///Z:/TAD/190720_3t3l1_time_course_r6/stad3-50/stad3-50-xy8c4.tif,file:///Z:/TAD/190720_3t3l1_time_course_r6/stad3-50/stad3-50-xy8c1.tif,file:///Z:/TAD/190720_3t3l1_time_course_r6/stad3-50/stad3-50-xy8c3.tif,file:///Z:/TAD/190720_3t3l1_time_course_r6/stad3-50/stad3-50-xy8c2.tif,2044,2044,2044,2044
-1,-1,-1,-1,31.0,0,0,9.53125,0,16.125,4.875,1.1875,16.359375,54.953125,stad3-50-xy9c4.tif,stad3-50-xy9c1.tif,stad3-50-xy9c3.tif,stad3-50-xy9c2.tif,0,0,0,0,18,1,2048,2048,2048,2048,18,eLslAQESG22IUDPZGcAZ4AJltFlCZsCNNkvICLTRRgqZAWdCpYADFXp2AFgAnx4=,6028ef1ecee67e36fc8e69f686745d90,672a131f3cae1acff28d8e9340271426,a55c65955c959bcb64ed0b233e96c0fc,3abfd1818f6b8f144ce2050118fe443f,nan,nan,0,nan,0,nan,nan,0,0,0,0,0,0,0,0,0,Z:\TAD\190720_3t3l1_time_course_r6\stad3-50,Z:\TAD\190720_3t3l1_time_course_r6\stad3-50,Z:\TAD\190720_3t3l1_time_course_r6\stad3-50,Z:\TAD\190720_3t3l1_time_course_r6\stad3-50,Done,65535,65535,65535,65535,0,0,0,0,0.05438414716627449,0.05438414716627449,-12.769491624678038,0.08960619420971899,file:///Z:/TAD/190720_3t3l1_time_course_r6/stad3-50/stad3-50-xy9c4.tif,file:///Z:/TAD/190720_3t3l1_time_course_r6/stad3-50/stad3-50-xy9c1.tif,file:///Z:/TAD/190720_3t3l1_time_course_r6/stad3-50/stad3-50-xy9c3.tif,file:///Z:/TAD/190720_3t3l1_time_course_r6/stad3-50/stad3-50-xy9c2.tif,2044,2044,2044,2044
-1,-1,-1,-1,21.0,0,0,9.65625,0,16.375,5.171875,1.296875,16.109375,56.25,stad3-51-xy1c4.tif,stad3-51-xy1c1.tif,stad3-51-xy1c3.tif,stad3-51-xy1c2.tif,0,0,0,0,19,1,2048,2048,2048,2048,19,eLslAQESG22I0Kx2NRxtlpAbcKPNEjICbbSRQmbAmVAp4ECFnh0AJQifBg==,ebe8303409904188de1658ea1543a91e,8f0775cff98870a577c9dc2229575acb,04c3c6a7adf5d5842de014fd3f1b3f1e,d34267379f211c84f898da14c70a52be,nan,nan,0,nan,0,nan,nan,0,0,0,0,0,0,0,0,0,Z:\TAD\190720_3t3l1_time_course_r6\stad3-51,Z:\TAD\190720_3t3l1_time_course_r6\stad3-51,Z:\TAD\190720_3t3l1_time_course_r6\stad3-51,Z:\TAD\190720_3t3l1_time_course_r6\stad3-51,Done,65535,65535,65535,65535,0,0,0,0,0.06668817705940455,0.06668817705940455,-12.773053800364071,0.06180456390078878,file:///Z:/TAD/190720_3t3l1_time_course_r6/stad3-51/stad3-51-xy1c4.tif,file:///Z:/TAD/190720_3t3l1_time_course_r6/stad3-51/stad3-51-xy1c1.tif,file:///Z:/TAD/190720_3t3l1_time_course_r6/stad3-51/stad3-51-xy1c3.tif,file:///Z:/TAD/190720_3t3l1_time_course_r6/stad3-51/stad3-51-xy1c2.tif,2044,2044,2044,2044
-1,-1,-1,-1,22.0,0,0,8.890625,0,16.21875,5.328125,1.234375,16.171875,55.9375,stad3-51-xy2c4.tif,stad3-51-xy2c1.tif,stad3-51-xy2c3.tif,stad3-51-xy2c2.tif,0,0,0,0,20,1,2048,2048,2048,2048,20,eLslAQESG22I0Kx2NRptlpAbcKPNEjICbbSRQmbAmVAp4ECFnh0ALZKfCg==,8aa71135cdcc4735fcb6d4d4664ba6e1,f0db68ddfc56533834a48ed653a03993,ea85adf8ecb6b11a0d2db868d4f800cc,3954438a79495113b8b11d4a56f2b38d,nan,nan,0,nan,0,nan,nan,0,0,0,0,0,0,0,0,0,Z:\TAD\190720_3t3l1_time_course_r6\stad3-51,Z:\TAD\190720_3t3l1_time_course_r6\stad3-51,Z:\TAD\190720_3t3l1_time_course_r6\stad3-51,Z:\TAD\190720_3t3l1_time_course_r6\stad3-51,Done,65535,65535,65535,65535,0,0,0,0,0.06400931515963748,0.06400931515963748,-12.649823463402825,0.0546667170768773,file:///Z:/TAD/190720_3t3l1_time_course_r6/stad3-51/stad3-51-xy2c4.tif,file:///Z:/TAD/190720_3t3l1_time_course_r6/stad3-51/stad3-51-xy2c1.tif,file:///Z:/TAD/190720_3t3l1_time_course_r6/stad3-51/stad3-51-xy2c3.tif,file:///Z:/TAD/190720_3t3l1_time_course_r6/stad3-51/stad3-51-xy2c2.tif,2044,2044,2044,2044
-1,-1,-1,-1,19.0,0,0,8.75,0,16.0,4.828125,1.28125,14.296875,54.28125,stad3-51-xy3c4.tif,stad3-51-xy3c1.tif,stad3-51-xy3c3.tif,stad3-51-xy3c2.tif,0,0,0,0,21,1,2048,2048,2048,2048,21,eLslAQESG22I0Kx2NR5tlpAbcKPNEjICbbSRQmbAmVAp4ECFnh0ANhyfDg==,f4bc4f09c16940c6529a043aa675a9c0,94b96adb3918d63bf1f9b5e2a3c92049,b4e01d392f244cc579d0ae5330cc2c3b,2593aa84302a070fd6398352e97dacc2,nan,nan,0,nan,0,nan,nan,0,0,0,0,0,0,0,0,0,Z:\TAD\190720_3t3l1_time_course_r6\stad3-51,Z:\TAD\190720_3t3l1_time_course_r6\stad3-51,Z:\TAD\190720_3t3l1_time_course_r6\stad3-51,Z:\TAD\190720_3t3l1_time_course_r6\stad3-51,Done,65535,65535,65535,65535,0,0,0,0,0.06204237579368055,0.06204237579368055,-12.414808145524125,0.05047612100507434,file:///Z:/TAD/190720_3t3l1_time_course_r6/stad3-51/stad3-51-xy3c4.tif,file:///Z:/TAD/190720_3t3l1_time_course_r6/stad3-51/stad3-51-xy3c1.tif,file:///Z:/TAD/190720_3t3l1_time_course_r6/stad3-51/stad3-51-xy3c3.tif,file:///Z:/TAD/190720_3t3l1_time_course_r6/stad3-51/stad3-51-xy3c2.tif,2044,2044,2044,2044
-1,-1,-1,-1,17.0,0,0,8.421875,0,16.171875,5.09375,1.265625,15.078125,57.171875,stad3-51-xy4c4.tif,stad3-51-xy4c1.tif,stad3-51-xy4c3.tif,stad3-51-xy4c2.tif,0,0,0,0,22,1,2048,2048,2048,2048,22,eLslAQESG22I0Kx2NRltlpAbcKPNEjICbbSRQmbAmVAp4ECFnh0APqafEg==,c3ce6ff3888760972aa73de01048455b,500d449fa67b6b2c8e7a3c0cc18031d3,2f3c4e3981baa5f493e853d0139c7ccd,afa8beb8dabfda39f8d31a584fbd1122,nan,nan,0,nan,0,nan,nan,0,0,0,0,0,0,0,0,0,Z:\TAD\190720_3t3l1_time_course_r6\stad3-51,Z:\TAD\190720_3t3l1_time_course_r6\stad3-51,Z:\TAD\190720_3t3l1_time_course_r6\stad3-51,Z:\TAD\190720_3t3l1_time_course_r6\stad3-51,Done,65535,65535,65535,65535,0,0,0,0,0.06321793363895267,0.06321793363895267,-12.60040561834072,0.05308663150283146,file:///Z:/TAD/190720_3t3l1_time_course_r6/stad3-51/stad3-51-xy4c4.tif,file:///Z:/TAD/190720_3t3l1_time_course_r6/stad3-51/stad3-51-xy4c1.tif,file:///Z:/TAD/190720_3t3l1_time_course_r6/stad3-51/stad3-51-xy4c3.tif,file:///Z:/TAD/190720_3t3l1_time_course_r6/stad3-51/stad3-51-xy4c2.tif,2044,2044,2044,2044
-1,-1,-1,-1,23.0,0,0,9.84375,0,16.21875,5.078125,1.109375,14.671875,56.125,stad3-51-xy5c4.tif,stad3-51-xy5c1.tif,stad3-51-xy5c3.tif,stad3-51-xy5c2.tif,0,0,0,0,23,1,2048,2048,2048,2048,23,eLslAQESG22I0LB2HW2WjDZL6Bdoo40UMgPOhEoBByr07ABHMJ8W,2855ebd2a70d9af7bbfb7846686a60eb,b388afd8774206f25f2e2927d0d20c37,047bf2c34c15a46c1207bc12ac40a101,baa8d38e6ca17e2de7b70693795eeb03,nan,nan,0,nan,0,nan,nan,0,0,0,0,0,0,0,0,0,Z:\TAD\190720_3t3l1_time_course_r6\stad3-51,Z:\TAD\190720_3t3l1_time_course_r6\stad3-51,Z:\TAD\190720_3t3l1_time_course_r6\stad3-51,Z:\TAD\190720_3t3l1_time_course_r6\stad3-51,Done,65535,65535,65535,65535,0,0,0,0,0.06259550317190588,0.06259550317190588,-12.585395678474473,0.05062606907813016,file:///Z:/TAD/190720_3t3l1_time_course_r6/stad3-51/stad3-51-xy5c4.tif,file:///Z:/TAD/190720_3t3l1_time_course_r6/stad3-51/stad3-51-xy5c1.tif,file:///Z:/TAD/190720_3t3l1_time_course_r6/stad3-51/stad3-51-xy5c3.tif,file:///Z:/TAD/190720_3t3l1_time_course_r6/stad3-51/stad3-51-xy5c2.tif,2044,2044,2044,2044
-1,-1,-1,-1,27.0,0,0,9.34375,0,16.984375,5.234375,1.28125,16.984375,58.734375,stad3-51-xy6c4.tif,stad3-51-xy6c1.tif,stad3-51-xy6c3.tif,stad3-51-xy6c2.tif,0,0,0,0,24,1,2048,2048,2048,2048,24,eLslAQESG22I0Kx2NRttlpAbcKPNEjICbbSRQmbAmVAp4ECFnh0AT7qfGg==,faeacb9b55a43a4e3d825c8fea959e08,f1f552b7efddcb75ed439fdc8d547a18,c439bf0faadc2797d31fa8585c7dde6a,00acc021adab52f6693856b2c31e2a3c,nan,nan,0,nan,0,nan,nan,0,0,0,0,0,0,0,0,0,Z:\TAD\190720_3t3l1_time_course_r6\stad3-51,Z:\TAD\190720_3t3l1_time_course_r6\stad3-51,Z:\TAD\190720_3t3l1_time_course_r6\stad3-51,Z:\TAD\190720_3t3l1_time_course_r6\stad3-51,Done,65535,65535,65535,65535,0,0,0,0,0.0680830820929259,0.0680830820929259,-12.450329513973276,0.06836084586757085,file:///Z:/TAD/190720_3t3l1_time_course_r6/stad3-51/stad3-51-xy6c4.tif,file:///Z:/TAD/190720_3t3l1_time_course_r6/stad3-51/stad3-51-xy6c1.tif,file:///Z:/TAD/190720_3t3l1_time_course_r6/stad3-51/stad3-51-xy6c3.tif,file:///Z:/TAD/190720_3t3l1_time_course_r6/stad3-51/stad3-51-xy6c2.tif,2044,2044,2044,2044
-1,-1,-1,-1,23.0,0,0,2.578125,0,11.515625,4.125,0.921875,12.828125,50.65625,stad3-51-xy7c4.tif,stad3-51-xy7c1.tif,stad3-51-xy7c3.tif,stad3-51-xy7c2.tif,0,0,0,0,25,1,2048,2048,2048,2048,25,eLslAQESG22I0Kx2NR9tlpAbcKPNEjICbbSRQmbAmVAp4ECFnh0AWESfHg==,76fdd5b42a91fd5bf4a861d01816ef8b,683d7b2f0a38044b9754d01a7fb39e74,33ae4bdebb0caff91305b57c8090260e,8f5331268335cd6043e151ec14d21a0d,nan,nan,0,nan,0,nan,nan,0,0,0,0,0,0,0,0,0,Z:\TAD\190720_3t3l1_time_course_r6\stad3-51,Z:\TAD\190720_3t3l1_time_course_r6\stad3-51,Z:\TAD\190720_3t3l1_time_course_r6\stad3-51,Z:\TAD\190720_3t3l1_time_course_r6\stad3-51,Done,65535,65535,65535,65535,0,0,0,0,0.06734430755022913,0.06734430755022913,-12.319643180199193,0.08547383836506312,file:///Z:/TAD/190720_3t3l1_time_course_r6/stad3-51/stad3-51-xy7c4.tif,file:///Z:/TAD/190720_3t3l1_time_course_r6/stad3-51/stad3-51-xy7c1.tif,file:///Z:/TAD/190720_3t3l1_time_course_r6/stad3-51/stad3-51-xy7c3.tif,file:///Z:/TAD/190720_3t3l1_time_course_r6/stad3-51/stad3-51-xy7c2.tif,2044,2044,2044,2044
-1,-1,-1,-1,30.0,0,0,5.15625,0,18.703125,2.890625,0.625,9.953125,50.375,stad3-51-xy8c4.tif,stad3-51-xy8c1.tif,stad3-51-xy8c3.tif,stad3-51-xy8c2.tif,0,0,0,0,26,1,2048,2048,2048,2048,26,eLslAQESG22I0Kx2tRhtlpAbcKPNEjICbbSRQmbAmVAp4ECFnh0AYM6fIg==,caa74d5c7fec51638bcca20df46ded93,ba760c76c9c8c79353f26a0c3c28eaef,209cdf2460433cde2c4ec919cf57e9a5,ec2ada54c274bf952b24655e9df4ffb5,nan,nan,0,nan,0,nan,nan,0,0,0,0,0,0,0,0,0,Z:\TAD\190720_3t3l1_time_course_r6\stad3-51,Z:\TAD\190720_3t3l1_time_course_r6\stad3-51,Z:\TAD\190720_3t3l1_time_course_r6\stad3-51,Z:\TAD\190720_3t3l1_time_course_r6\stad3-51,Done,65535,65535,65535,65535,0,0,0,0,0.06719260080717504,0.06719260080717504,-12.802656881572464,0.07611742880853604,file:///Z:/TAD/190720_3t3l1_time_course_r6/stad3-51/stad3-51-xy8c4.tif,file:///Z:/TAD/190720_3t3l1_time_course_r6/stad3-51/stad3-51-xy8c1.tif,file:///Z:/TAD/190720_3t3l1_time_course_r6/stad3-51/stad3-51-xy8c3.tif,file:///Z:/TAD/190720_3t3l1_time_course_r6/stad3-51/stad3-51-xy8c2.tif,2044,2044,2044,2044
-1,-1,-1,-1,21.0,0,0,3.828125,0,16.5,2.71875,0.75,9.453125,43.984375,stad3-51-xy9c4.tif,stad3-51-xy9c1.tif,stad3-51-xy9c3.tif,stad3-51-xy9c2.tif,0,0,0,0,27,1,2048,2048,2048,2048,27,eLslAQESG22I0Kx2tRxtlpAbcKPNEjICbbSRQmbAmVAp4ECFnh0AaVifJg==,cece5574e43808083b5afcd744af6098,e1be8a0b43ebba0e97418cde428eba34,6d53205d80c20f6b9da43723ca574cc7,a4ae02ee8c3f8ab6a6a0ae815df76c5f,nan,nan,0,nan,0,nan,nan,0,0,0,0,0,0,0,0,0,Z:\TAD\190720_3t3l1_time_course_r6\stad3-51,Z:\TAD\190720_3t3l1_time_course_r6\stad3-51,Z:\TAD\190720_3t3l1_time_course_r6\stad3-51,Z:\TAD\190720_3t3l1_time_course_r6\stad3-51,Done,65535,65535,65535,65535,0,0,0,0,0.06048339873086661,0.06048339873086661,-12.50215197329964,0.051126729277322217,file:///Z:/TAD/190720_3t3l1_time_course_r6/stad3-51/stad3-51-xy9c4.tif,file:///Z:/TAD/190720_3t3l1_time_course_r6/stad3-51/stad3-51-xy9c1.tif,file:///Z:/TAD/190720_3t3l1_time_course_r6/stad3-51/stad3-51-xy9c3.tif,file:///Z:/TAD/190720_3t3l1_time_course_r6/stad3-51/stad3-51-xy9c2.tif,2044,2044,2044,2044
-1,-1,-1,-1,25.0,0,0,4.765625,0,14.65625,2.8125,0.828125,11.6875,51.84375,stad3-52-xy1c4.tif,stad3-52-xy1c1.tif,stad3-52-xy1c3.tif,stad3-52-xy1c2.tif,0,0,0,0,28,1,2048,2048,2048,2048,28,eLslAQESG22IUDPZGcEZ4HbpaLOEzIAbbZaQEWijjRQyA86ESgEHKvTsADZgnw4=,adf1a690ebb0120cfb1aff7f10d8d9dc,af20135425597a5f2698f33bd3963b89,31ae8467868cd24fda5cc077abfbad20,f488df623d74d674ebe75bfffe908bc9,nan,nan,0,nan,0,nan,nan,0,0,0,0,0,0,0,0,0,Z:\TAD\190720_3t3l1_time_course_r6\stad3-52,Z:\TAD\190720_3t3l1_time_course_r6\stad3-52,Z:\TAD\190720_3t3l1_time_course_r6\stad3-52,Z:\TAD\190720_3t3l1_time_course_r6\stad3-52,Done,65535,65535,65535,65535,0,0,0,0,0.0625764369033277,0.0625764369033277,-12.016666977742311,0.0660584470986261,file:///Z:/TAD/190720_3t3l1_time_course_r6/stad3-52/stad3-52-xy1c4.tif,file:///Z:/TAD/190720_3t3l1_time_course_r6/stad3-52/stad3-52-xy1c1.tif,file:///Z:/TAD/190720_3t3l1_time_course_r6/stad3-52/stad3-52-xy1c3.tif,file:///Z:/TAD/190720_3t3l1_time_course_r6/stad3-52/stad3-52-xy1c2.tif,2044,2044,2044,2044
-1,-1,-1,-1,31.0,0,0,4.53125,0,13.90625,2.375,0.5625,10.34375,51.15625,stad3-52-xy2c4.tif,stad3-52-xy2c1.tif,stad3-52-xy2c3.tif,stad3-52-xy2c2.tif,0,0,0,0,29,1,2048,2048,2048,2048,29,eLslAQESG22IUDPZGcEZwGRnNNosITfgRpslZATaaCOFzIAzoVLAgQo9OwA+6p8S,bbf07a7ea0974cc9b214ace8c11a0f1a,a31b2552d08438080cd85f97a45c4911,86d462a147eba718858c86df7d6ed419,36cb617ba24fe9427b28b816dd6397ca,nan,nan,0,nan,0,nan,nan,0,0,0,0,0,0,0,0,0,Z:\TAD\190720_3t3l1_time_course_r6\stad3-52,Z:\TAD\190720_3t3l1_time_course_r6\stad3-52,Z:\TAD\190720_3t3l1_time_course_r6\stad3-52,Z:\TAD\190720_3t3l1_time_course_r6\stad3-52,Done,65535,65535,65535,65535,0,0,0,0,0.05718514684122056,0.05718514684122056,-12.404156846241662,0.0645192725565123,file:///Z:/TAD/190720_3t3l1_time_course_r6/stad3-52/stad3-52-xy2c4.tif,file:///Z:/TAD/190720_3t3l1_time_course_r6/stad3-52/stad3-52-xy2c1.tif,file:///Z:/TAD/190720_3t3l1_time_course_r6/stad3-52/stad3-52-xy2c3.tif,file:///Z:/TAD/190720_3t3l1_time_course_r6/stad3-52/stad3-52-xy2c2.tif,2044,2044,2044,2044
-1,-1,-1,-1,35.0,0,0,7.828125,0,11.984375,4.578125,1.03125,14.84375,53.359375,stad3-52-xy3c4.tif,stad3-52-xy3c1.tif,stad3-52-xy3c3.tif,stad3-52-xy3c2.tif,0,0,0,0,30,1,2048,2048,2048,2048,30,eLslAQESG22IUDPZGcEZwGRnPNosITfgRpslZATaaCOFzIAzoVLAgQo9OwBHdJ8W,faa3e0ad0cfa5111373706d3cf9cb2a8,4eb5920c0bebf2552c849d33395f4930,f1a4c935b560b5198a0b61052d7cb2a8,2541d8da3d6e4f3a28e02430fcf62b60,nan,nan,0,nan,0,nan,nan,0,0,0,0,0,0,0,0,0,Z:\TAD\190720_3t3l1_time_course_r6\stad3-52,Z:\TAD\190720_3t3l1_time_course_r6\stad3-52,Z:\TAD\190720_3t3l1_time_course_r6\stad3-52,Z:\TAD\190720_3t3l1_time_course_r6\stad3-52,Done,65535,65535,65535,65535,0,0,0,0,0.05504371057031676,0.05504371057031676,-12.656999040906197,0.06475936891717614,file:///Z:/TAD/190720_3t3l1_time_course_r6/stad3-52/stad3-52-xy3c4.tif,file:///Z:/TAD/190720_3t3l1_time_course_r6/stad3-52/stad3-52-xy3c1.tif,file:///Z:/TAD/190720_3t3l1_time_course_r6/stad3-52/stad3-52-xy3c3.tif,file:///Z:/TAD/190720_3t3l1_time_course_r6/stad3-52/stad3-52-xy3c2.tif,2044,2044,2044,2044
-1,-1,-1,-1,19.0,0,0,6.21875,0,11.796875,3.890625,0.96875,12.21875,50.421875,stad3-52-xy4c4.tif,stad3-52-xy4c1.tif,stad3-52-xy4c3.tif,stad3-52-xy4c2.tif,0,0,0,0,31,1,2048,2048,2048,2048,31,eLslAQESG22IUDPZGcEZ4Ew52iwhM+BGmyVkBNpoI4XMgDOhUsCBCj07AE/+nxo=,731e27895a24b650c3cdd8e55855e025,0f3a3b55362e330a5828c9fbc0017d8d,19f6345db8647e5b5399c4ee65c49134,cdbc24b1071b29b1e46e8b054aa16b96,nan,nan,0,nan,0,nan,nan,0,0,0,0,0,0,0,0,0,Z:\TAD\190720_3t3l1_time_course_r6\stad3-52,Z:\TAD\190720_3t3l1_time_course_r6\stad3-52,Z:\TAD\190720_3t3l1_time_course_r6\stad3-52,Z:\TAD\190720_3t3l1_time_course_r6\stad3-52,Done,65535,65535,65535,65535,0,0,0,0,0.05177107860799879,0.05177107860799879,-12.748601046913311,0.07742488247260727,file:///Z:/TAD/190720_3t3l1_time_course_r6/stad3-52/stad3-52-xy4c4.tif,file:///Z:/TAD/190720_3t3l1_time_course_r6/stad3-52/stad3-52-xy4c1.tif,file:///Z:/TAD/190720_3t3l1_time_course_r6/stad3-52/stad3-52-xy4c3.tif,file:///Z:/TAD/190720_3t3l1_time_course_r6/stad3-52/stad3-52-xy4c2.tif,2044,2044,2044,2044
-1,-1,-1,-1,21.0,0,0,5.8125,0,12.46875,3.765625,0.84375,12.125,51.015625,stad3-52-xy5c4.tif,stad3-52-xy5c1.tif,stad3-52-xy5c3.tif,stad3-52-xy5c2.tif,0,0,0,0,32,1,2048,2048,2048,2048,32,eLslAQESG22IUDPZGcEZ4Np1tFlCZsCNNkvICLTRRgqZAWdCpYADFXp2AFiInx4=,acca0a1fddcc8fca615fa5eb53a792fb,0f1e99d233e18c958bca2302a4e1c3dd,7462f71a857dff9746fed25cbcc04dfe,486761c5c80bfb6ef5cfa7b54cf1f9bb,nan,nan,0,nan,0,nan,nan,0,0,0,0,0,0,0,0,0,Z:\TAD\190720_3t3l1_time_course_r6\stad3-52,Z:\TAD\190720_3t3l1_time_course_r6\stad3-52,Z:\TAD\190720_3t3l1_time_course_r6\stad3-52,Z:\TAD\190720_3t3l1_time_course_r6\stad3-52,Done,65535,65535,65535,65535,0,0,0,0,0.05341179622337222,0.05341179622337222,-12.48001671222951,0.060081482061278085,file:///Z:/TAD/190720_3t3l1_time_course_r6/stad3-52/stad3-52-xy5c4.tif,file:///Z:/TAD/190720_3t3l1_time_course_r6/stad3-52/stad3-52-xy5c1.tif,file:///Z:/TAD/190720_3t3l1_time_course_r6/stad3-52/stad3-52-xy5c3.tif,file:///Z:/TAD/190720_3t3l1_time_course_r6/stad3-52/stad3-52-xy5c2.tif,2044,2044,2044,2044
-1,-1,-1,-1,26.0,0,0,4.625,0,12.234375,4.203125,0.859375,13.921875,56.015625,stad3-52-xy6c4.tif,stad3-52-xy6c1.tif,stad3-52-xy6c3.tif,stad3-52-xy6c2.tif,0,0,0,0,33,1,2048,2048,2048,2048,33,eLslAQESG22IUDPZGcEZwGRnNtosITfgRpslZATaaCOFzIAzoVLAgQo9OwBhEp8i,df205a2be60e3f46208e17e66d2a6eb5,34f7725925b525ed9c13ef6501fe1db2,b54d344f5b17b96cc8c90fa28bbe40d7,f2c36993e06ad5673c9cc8184724c76e,nan,nan,0,nan,0,nan,nan,0,0,0,0,0,0,0,0,0,Z:\TAD\190720_3t3l1_time_course_r6\stad3-52,Z:\TAD\190720_3t3l1_time_course_r6\stad3-52,Z:\TAD\190720_3t3l1_time_course_r6\stad3-52,Z:\TAD\190720_3t3l1_time_course_r6\stad3-52,Done,65535,65535,65535,65535,0,0,0,0,0.05872925091534853,0.05872925091534853,-12.365763324958873,0.08309159538461201,file:///Z:/TAD/190720_3t3l1_time_course_r6/stad3-52/stad3-52-xy6c4.tif,file:///Z:/TAD/190720_3t3l1_time_course_r6/stad3-52/stad3-52-xy6c1.tif,file:///Z:/TAD/190720_3t3l1_time_course_r6/stad3-52/stad3-52-xy6c3.tif,file:///Z:/TAD/190720_3t3l1_time_course_r6/stad3-52/stad3-52-xy6c2.tif,2044,2044,2044,2044
-1,-1,-1,-1,22.0,0,0,3.90625,0,10.125,3.109375,1.078125,11.4375,49.921875,stad3-52-xy7c4.tif,stad3-52-xy7c1.tif,stad3-52-xy7c3.tif,stad3-52-xy7c2.tif,0,0,0,0,34,1,2048,2048,2048,2048,34,eLslAQESG22IUDPZGcEZwGRnPtosITfgRpslZATaaCOFzIAzoVLAgQo9OwBpnJ8m,56e5b997d55f1c5bae73035df0f94136,22b1cae789b75b61812c8c045433ac93,c7e69012af2cf79fe46232f4ef5707bf,3df559cdcf9b6f7c014d1bb1a802bebf,nan,nan,0,nan,0,nan,nan,0,0,0,0,0,0,0,0,0,Z:\TAD\190720_3t3l1_time_course_r6\stad3-52,Z:\TAD\190720_3t3l1_time_course_r6\stad3-52,Z:\TAD\190720_3t3l1_time_course_r6\stad3-52,Z:\TAD\190720_3t3l1_time_course_r6\stad3-52,Done,65535,65535,65535,65535,0,0,0,0,0.05441444320604205,0.05441444320604205,-12.309319765292887,0.054849734053060505,file:///Z:/TAD/190720_3t3l1_time_course_r6/stad3-52/stad3-52-xy7c4.tif,file:///Z:/TAD/190720_3t3l1_time_course_r6/stad3-52/stad3-52-xy7c1.tif,file:///Z:/TAD/190720_3t3l1_time_course_r6/stad3-52/stad3-52-xy7c3.tif,file:///Z:/TAD/190720_3t3l1_time_course_r6/stad3-52/stad3-52-xy7c2.tif,2044,2044,2044,2044
-1,-1,-1,-1,26.0,0,0,3.90625,0,10.109375,3.875,1.03125,15.078125,52.671875,stad3-52-xy8c4.tif,stad3-52-xy8c1.tif,stad3-52-xy8c3.tif,stad3-52-xy8c2.tif,0,0,0,0,35,1,2048,2048,2048,2048,35,eLslAQESG22IUDPZGcEZ4GQ32iwhM+BGmyVkBNpoI4XMgDOhUsCBCj07AHImnyo=,2876af1aac6914cb70e937383d78d3e9,a3e86e98eaa547eeca9dc8eb55afa92b,db8412702a658454a0e23740d417537f,acac38568c6eeefde3c22cba8b101eb5,nan,nan,0,nan,0,nan,nan,0,0,0,0,0,0,0,0,0,Z:\TAD\190720_3t3l1_time_course_r6\stad3-52,Z:\TAD\190720_3t3l1_time_course_r6\stad3-52,Z:\TAD\190720_3t3l1_time_course_r6\stad3-52,Z:\TAD\190720_3t3l1_time_course_r6\stad3-52,Done,65535,65535,65535,65535,0,0,0,0,0.05322198348585516,0.05322198348585516,-12.117162668516318,0.09133692279899958,file:///Z:/TAD/190720_3t3l1_time_course_r6/stad3-52/stad3-52-xy8c4.tif,file:///Z:/TAD/190720_3t3l1_time_course_r6/stad3-52/stad3-52-xy8c1.tif,file:///Z:/TAD/190720_3t3l1_time_course_r6/stad3-52/stad3-52-xy8c3.tif,file:///Z:/TAD/190720_3t3l1_time_course_r6/stad3-52/stad3-52-xy8c2.tif,2044,2044,2044,2044
-1,-1,-1,-1,26.0,0,0,5.203125,0,16.75,5.34375,1.1875,15.25,55.828125,stad3-52-xy9c4.tif,stad3-52-xy9c1.tif,stad3-52-xy9c3.tif,stad3-52-xy9c2.tif,0,0,0,0,36,1,2048,2048,2048,2048,36,eLslAQESG22IUDPZGcEZ4AJltFlCZsCNNkvICLTRRgqZAWdCpYADFXp2AHqwny4=,0a893fae0b75d0f4b9afdd8847a2f733,21824bde36096acd10c7c64c44f0fe08,c6b60350a08e5bd30ca0dfa5d2dd8648,ad8bd970646aa32d5b1247a2ed08727a,nan,nan,0,nan,0,nan,nan,0,0,0,0,0,0,0,0,0,Z:\TAD\190720_3t3l1_time_course_r6\stad3-52,Z:\TAD\190720_3t3l1_time_course_r6\stad3-52,Z:\TAD\190720_3t3l1_time_course_r6\stad3-52,Z:\TAD\190720_3t3l1_time_course_r6\stad3-52,Done,65535,65535,65535,65535,0,0,0,0,0.03803757898276672,0.03803757898276672,-12.233818370445498,0.04548889185518843,file:///Z:/TAD/190720_3t3l1_time_course_r6/stad3-52/stad3-52-xy9c4.tif,file:///Z:/TAD/190720_3t3l1_time_course_r6/stad3-52/stad3-52-xy9c1.tif,file:///Z:/TAD/190720_3t3l1_time_course_r6/stad3-52/stad3-52-xy9c3.tif,file:///Z:/TAD/190720_3t3l1_time_course_r6/stad3-52/stad3-52-xy9c2.tif,2044,2044,2044,2044
-1,-1,-1,-1,30.0,0,0,4.875,0,17.0,4.96875,1.4375,14.03125,55.390625,stad3-53-xy1c4.tif,stad3-53-xy1c1.tif,stad3-53-xy1c3.tif,stad3-53-xy1c2.tif,0,0,0,0,37,1,2048,2048,2048,2048,37,eLslAQESG22I0KxAMRxtlpAbcKPNEjICbbSRQmbAmVAp4ECFnh0AR7ifFg==,884994aeff7cc1f88fc2d54da731c709,1d44cfe8bb9da4ff8f2c325ee8702bba,32cedf742377a515a598666af96f0d2b,19eebc730d683bc3c125ddfcfea78be2,nan,nan,0,nan,0,nan,nan,0,0,0,0,0,0,0,0,0,Z:\TAD\190720_3t3l1_time_course_r6\stad3-53,Z:\TAD\190720_3t3l1_time_course_r6\stad3-53,Z:\TAD\190720_3t3l1_time_course_r6\stad3-53,Z:\TAD\190720_3t3l1_time_course_r6\stad3-53,Done,65535,65535,65535,65535,0,0,0,0,0.07269310834817588,0.07269310834817588,-12.125674170781547,0.04357457149752955,file:///Z:/TAD/190720_3t3l1_time_course_r6/stad3-53/stad3-53-xy1c4.tif,file:///Z:/TAD/190720_3t3l1_time_course_r6/stad3-53/stad3-53-xy1c1.tif,file:///Z:/TAD/190720_3t3l1_time_course_r6/stad3-53/stad3-53-xy1c3.tif,file:///Z:/TAD/190720_3t3l1_time_course_r6/stad3-53/stad3-53-xy1c2.tif,2044,2044,2044,2044
-1,-1,-1,-1,19.0,0,0,5.21875,0,16.140625,4.78125,1.265625,12.703125,54.21875,stad3-53-xy2c4.tif,stad3-53-xy2c1.tif,stad3-53-xy2c3.tif,stad3-53-xy2c2.tif,0,0,0,0,38,1,2048,2048,2048,2048,38,eLslAQESG22I0KxAMRptlpAbcKPNEjICbbSRQmbAmVAp4ECFnh0AUEKfGg==,7a4e303674d6424efa145d9540009617,efced357fa81a934c149710c5a3df28e,89317b53c83a15d9e8c3df2d1428f88d,e1820a69645c648a452bf5546747cde6,nan,nan,0,nan,0,nan,nan,0,0,0,0,0,0,0,0,0,Z:\TAD\190720_3t3l1_time_course_r6\stad3-53,Z:\TAD\190720_3t3l1_time_course_r6\stad3-53,Z:\TAD\190720_3t3l1_time_course_r6\stad3-53,Z:\TAD\190720_3t3l1_time_course_r6\stad3-53,Done,65535,65535,65535,65535,0,0,0,0,0.06922152562765405,0.06922152562765405,-12.427322512235623,0.03662034231968359,file:///Z:/TAD/190720_3t3l1_time_course_r6/stad3-53/stad3-53-xy2c4.tif,file:///Z:/TAD/190720_3t3l1_time_course_r6/stad3-53/stad3-53-xy2c1.tif,file:///Z:/TAD/190720_3t3l1_time_course_r6/stad3-53/stad3-53-xy2c3.tif,file:///Z:/TAD/190720_3t3l1_time_course_r6/stad3-53/stad3-53-xy2c2.tif,2044,2044,2044,2044
-1,-1,-1,-1,20.0,0,0,3.96875,0,16.96875,4.890625,1.234375,14.1875,56.0625,stad3-53-xy3c4.tif,stad3-53-xy3c1.tif,stad3-53-xy3c3.tif,stad3-53-xy3c2.tif,0,0,0,0,39,1,2048,2048,2048,2048,39,eLslAQESG22I0KxAMR5tlpAbcKPNEjICbbSRQmbAmVAp4ECFnh0AWMyfHg==,aed904960c6f47577801808f0ee67e9c,d344e6c1002a3f032d59a5e8ccd25597,106aa24afb2fb18ecfaa2ad0a7f88a0e,f967ee435838ce96f27fafc4328745ef,nan,nan,0,nan,0,nan,nan,0,0,0,0,0,0,0,0,0,Z:\TAD\190720_3t3l1_time_course_r6\stad3-53,Z:\TAD\190720_3t3l1_time_course_r6\stad3-53,Z:\TAD\190720_3t3l1_time_course_r6\stad3-53,Z:\TAD\190720_3t3l1_time_course_r6\stad3-53,Done,65535,65535,65535,65535,0,0,0,0,0.07128815969917923,0.07128815969917923,-12.422477734882545,0.04521859923217167,file:///Z:/TAD/190720_3t3l1_time_course_r6/stad3-53/stad3-53-xy3c4.tif,file:///Z:/TAD/190720_3t3l1_time_course_r6/stad3-53/stad3-53-xy3c1.tif,file:///Z:/TAD/190720_3t3l1_time_course_r6/stad3-53/stad3-53-xy3c3.tif,file:///Z:/TAD/190720_3t3l1_time_course_r6/stad3-53/stad3-53-xy3c2.tif,2044,2044,2044,2044
-1,-1,-1,-1,20.0,0,0,4.921875,0,16.484375,5.015625,1.265625,13.046875,55.09375,stad3-53-xy4c4.tif,stad3-53-xy4c1.tif,stad3-53-xy4c3.tif,stad3-53-xy4c2.tif,0,0,0,0,40,1,2048,2048,2048,2048,40,eLslAQESG22I0KxAMRltlpAbcKPNEjICbbSRQmbAmVAp4ECFnh0AYVafIg==,37631609a6e93ecc7d1b3265a282bbf9,892b16f1b0864d68f6206b1a1ab396ca,4f62ad42abf28da4f3291d9b23adf026,b4f10d59f2345eb0ab853cab1dac9fff,nan,nan,0,nan,0,nan,nan,0,0,0,0,0,0,0,0,0,Z:\TAD\190720_3t3l1_time_course_r6\stad3-53,Z:\TAD\190720_3t3l1_time_course_r6\stad3-53,Z:\TAD\190720_3t3l1_time_course_r6\stad3-53,Z:\TAD\190720_3t3l1_time_course_r6\stad3-53,Done,65535,65535,65535,65535,0,0,0,0,0.06640395103022456,0.06640395103022456,-12.185077270357056,0.03781445916829647,file:///Z:/TAD/190720_3t3l1_time_course_r6/stad3-53/stad3-53-xy4c4.tif,file:///Z:/TAD/190720_3t3l1_time_course_r6/stad3-53/stad3-53-xy4c1.tif,file:///Z:/TAD/190720_3t3l1_time_course_r6/stad3-53/stad3-53-xy4c3.tif,file:///Z:/TAD/190720_3t3l1_time_course_r6/stad3-53/stad3-53-xy4c2.tif,2044,2044,2044,2044
-1,-1,-1,-1,21.0,0,0,4.546875,0,17.109375,4.953125,1.25,14.71875,56.0625,stad3-53-xy5c4.tif,stad3-53-xy5c1.tif,stad3-53-xy5c3.tif,stad3-53-xy5c2.tif,0,0,0,0,41,1,2048,2048,2048,2048,41,eLslAQESG22I0KxAGW2WkB1wo80SMgJttJFCZsCZUCngQIWeHQBp4J8m,29b97fef4278d8bb746e4456e9b251b5,545358bff23aa81af02557ca6abc613d,e54e3a569feba9d728342af0ad3ca749,a00033c2e528b3428dbc6984410333c3,nan,nan,0,nan,0,nan,nan,0,0,0,0,0,0,0,0,0,Z:\TAD\190720_3t3l1_time_course_r6\stad3-53,Z:\TAD\190720_3t3l1_time_course_r6\stad3-53,Z:\TAD\190720_3t3l1_time_course_r6\stad3-53,Z:\TAD\190720_3t3l1_time_course_r6\stad3-53,Done,65535,65535,65535,65535,0,0,0,0,0.06938709877431393,0.06938709877431393,-12.341399741807672,0.040386907618513435,file:///Z:/TAD/190720_3t3l1_time_course_r6/stad3-53/stad3-53-xy5c4.tif,file:///Z:/TAD/190720_3t3l1_time_course_r6/stad3-53/stad3-53-xy5c1.tif,file:///Z:/TAD/190720_3t3l1_time_course_r6/stad3-53/stad3-53-xy5c3.tif,file:///Z:/TAD/190720_3t3l1_time_course_r6/stad3-53/stad3-53-xy5c2.tif,2044,2044,2044,2044
-1,-1,-1,-1,22.0,0,0,5.015625,0,16.484375,4.953125,1.234375,15.203125,56.5625,stad3-53-xy6c4.tif,stad3-53-xy6c1.tif,stad3-53-xy6c3.tif,stad3-53-xy6c2.tif,0,0,0,0,42,1,2048,2048,2048,2048,42,eLslAQESG22I0KxAMRttlpAbcKPNEjICbbSRQmbAmVAp4ECFnh0AcmqfKg==,9dbe4c22f63815559e6c5faca016b627,174dd9b2f91226a9de4b92b6dbdbaa87,879a596a179879547d56ddc2fcdb75a9,ab1efacd8beba4e9447ddd019742c19c,nan,nan,0,nan,0,nan,nan,0,0,0,0,0,0,0,0,0,Z:\TAD\190720_3t3l1_time_course_r6\stad3-53,Z:\TAD\190720_3t3l1_time_course_r6\stad3-53,Z:\TAD\190720_3t3l1_time_course_r6\stad3-53,Z:\TAD\190720_3t3l1_time_course_r6\stad3-53,Done,65535,65535,65535,65535,0,0,0,0,0.06865580077283084,0.06865580077283084,-12.238727948157521,0.031228384780142324,file:///Z:/TAD/190720_3t3l1_time_course_r6/stad3-53/stad3-53-xy6c4.tif,file:///Z:/TAD/190720_3t3l1_time_course_r6/stad3-53/stad3-53-xy6c1.tif,file:///Z:/TAD/190720_3t3l1_time_course_r6/stad3-53/stad3-53-xy6c3.tif,file:///Z:/TAD/190720_3t3l1_time_course_r6/stad3-53/stad3-53-xy6c2.tif,2044,2044,2044,2044
-1,-1,-1,-1,13.0,0,0,4.3125,0,16.765625,4.53125,1.3125,11.203125,51.359375,stad3-53-xy7c4.tif,stad3-53-xy7c1.tif,stad3-53-xy7c3.tif,stad3-53-xy7c2.tif,0,0,0,0,43,1,2048,2048,2048,2048,43,eLslAQESG22I0KxAMR9tlpAbcKPNEjICbbSRQmbAmVAp4ECFnh0AevSfLg==,173ab79b9772aa7cdd55e3f6d5f0c803,96a7387c6f881baf99f7740c9cea61b2,2cb1da722cd30afde3305e098c8dbe8c,c93e978d0530bf759881b974aa7555cb,nan,nan,0,nan,0,nan,nan,0,0,0,0,0,0,0,0,0,Z:\TAD\190720_3t3l1_time_course_r6\stad3-53,Z:\TAD\190720_3t3l1_time_course_r6\stad3-53,Z:\TAD\190720_3t3l1_time_course_r6\stad3-53,Z:\TAD\190720_3t3l1_time_course_r6\stad3-53,Done,65535,65535,65535,65535,0,0,0,0,0.06501758092781529,0.06501758092781529,-12.634770661013835,0.026558484918614466,file:///Z:/TAD/190720_3t3l1_time_course_r6/stad3-53/stad3-53-xy7c4.tif,file:///Z:/TAD/190720_3t3l1_time_course_r6/stad3-53/stad3-53-xy7c1.tif,file:///Z:/TAD/190720_3t3l1_time_course_r6/stad3-53/stad3-53-xy7c3.tif,file:///Z:/TAD/190720_3t3l1_time_course_r6/stad3-53/stad3-53-xy7c2.tif,2044,2044,2044,2044
-1,-1,-1,-1,10.0,0,0,4.015625,0,16.328125,4.4375,1.28125,11.4375,54.234375,stad3-53-xy8c4.tif,stad3-53-xy8c1.tif,stad3-53-xy8c3.tif,stad3-53-xy8c2.tif,0,0,0,0,44,1,2048,2048,2048,2048,44,eLslAQESG22I0KxAsRhtlpAbcKPNEjICbbSRQmbAmVAp4ECFnh0Ag36fMg==,c5db5fabf06465fb18a2eb4b937bd5c5,e5f228d7b0f97345fbe3706ec1ba50c5,6730794a29a0dd5e1f0a6495d284b1d6,afd46e02f1989b1e447be005e6d16d09,nan,nan,0,nan,0,nan,nan,0,0,0,0,0,0,0,0,0,Z:\TAD\190720_3t3l1_time_course_r6\stad3-53,Z:\TAD\190720_3t3l1_time_course_r6\stad3-53,Z:\TAD\190720_3t3l1_time_course_r6\stad3-53,Z:\TAD\190720_3t3l1_time_course_r6\stad3-53,Done,65535,65535,65535,65535,0,0,0,0,0.06477850582450628,0.06477850582450628,-12.439868820726863,0.02729860532202612,file:///Z:/TAD/190720_3t3l1_time_course_r6/stad3-53/stad3-53-xy8c4.tif,file:///Z:/TAD/190720_3t3l1_time_course_r6/stad3-53/stad3-53-xy8c1.tif,file:///Z:/TAD/190720_3t3l1_time_course_r6/stad3-53/stad3-53-xy8c3.tif,file:///Z:/TAD/190720_3t3l1_time_course_r6/stad3-53/stad3-53-xy8c2.tif,2044,2044,2044,2044
-1,-1,-1,-1,19.0,0,0,5.390625,0,16.625,4.796875,1.296875,12.875,54.953125,stad3-53-xy9c4.tif,stad3-53-xy9c1.tif,stad3-53-xy9c3.tif,stad3-53-xy9c2.tif,0,0,0,0,45,1,2048,2048,2048,2048,45,eLslAQESG22I0LBAGW2WkBlwo80SMgJttJFCZsCZUCngQIWeHQCMCJ82,1fde007b6060482f8b7fee8561c0e33d,b903137a47a53b0ae2be0a0fdbd9032c,8d10b597793bd70eeaba5e08c46751e9,11fe4c4b82b88932c0d77e83b2a5ced1,nan,nan,0,nan,0,nan,nan,0,0,0,0,0,0,0,0,0,Z:\TAD\190720_3t3l1_time_course_r6\stad3-53,Z:\TAD\190720_3t3l1_time_course_r6\stad3-53,Z:\TAD\190720_3t3l1_time_course_r6\stad3-53,Z:\TAD\190720_3t3l1_time_course_r6\stad3-53,Done,65535,65535,65535,65535,0,0,0,0,0.06221867835847661,0.06221867835847661,-12.721063986660845,0.033623753201828206,file:///Z:/TAD/190720_3t3l1_time_course_r6/stad3-53/stad3-53-xy9c4.tif,file:///Z:/TAD/190720_3t3l1_time_course_r6/stad3-53/stad3-53-xy9c1.tif,file:///Z:/TAD/190720_3t3l1_time_course_r6/stad3-53/stad3-53-xy9c3.tif,file:///Z:/TAD/190720_3t3l1_time_course_r6/stad3-53/stad3-53-xy9c2.tif,2044,2044,2044,2044
-1,-1,-1,-1,28.0,0,0,5.015625,0,17.28125,5.15625,1.25,16.484375,57.25,stad3-54-xy1c4.tif,stad3-54-xy1c1.tif,stad3-54-xy1c3.tif,stad3-54-xy1c2.tif,0,0,0,0,46,1,2048,2048,2048,2048,46,eLslAQESG22IUDPZmcAZ4HbpaLOEzIAbbZaQEWijjRQyA86ESgEHKvTsAFkQnx4=,d4d2c46c35470490d1cc85f3c9f7c58a,03075eb69960e34c4a6e26da70887d58,bc12d0e9afab0a6bd7a5228422c9ebc4,2ad84aa4469d5984e645d06a3f6a7e9a,nan,nan,0,nan,0,nan,nan,0,0,0,0,0,0,0,0,0,Z:\TAD\190720_3t3l1_time_course_r6\stad3-54,Z:\TAD\190720_3t3l1_time_course_r6\stad3-54,Z:\TAD\190720_3t3l1_time_course_r6\stad3-54,Z:\TAD\190720_3t3l1_time_course_r6\stad3-54,Done,65535,65535,65535,65535,0,0,0,0,0.07535302278120071,0.07535302278120071,-12.308110120911568,0.07353293441911701,file:///Z:/TAD/190720_3t3l1_time_course_r6/stad3-54/stad3-54-xy1c4.tif,file:///Z:/TAD/190720_3t3l1_time_course_r6/stad3-54/stad3-54-xy1c1.tif,file:///Z:/TAD/190720_3t3l1_time_course_r6/stad3-54/stad3-54-xy1c3.tif,file:///Z:/TAD/190720_3t3l1_time_course_r6/stad3-54/stad3-54-xy1c2.tif,2044,2044,2044,2044
-1,-1,-1,-1,22.0,0,0,4.546875,0,16.890625,4.8125,1.296875,13.375,54.890625,stad3-54-xy2c4.tif,stad3-54-xy2c1.tif,stad3-54-xy2c3.tif,stad3-54-xy2c2.tif,0,0,0,0,47,1,2048,2048,2048,2048,47,eLslAQESG22IUDPZmcAZwGRnNNosITfgRpslZATaaCOFzIAzoVLAgQo9OwBhmp8i,54f2fbe0d99dd4225a9266ffe38e2a59,984c32636e2fe71d39f89b82b33a421d,58ccccc25ef3bd9759bf7aad72f53101,b7abd775ed96340040ec530afb1c737b,nan,nan,0,nan,0,nan,nan,0,0,0,0,0,0,0,0,0,Z:\TAD\190720_3t3l1_time_course_r6\stad3-54,Z:\TAD\190720_3t3l1_time_course_r6\stad3-54,Z:\TAD\190720_3t3l1_time_course_r6\stad3-54,Z:\TAD\190720_3t3l1_time_course_r6\stad3-54,Done,65535,65535,65535,65535,0,0,0,0,0.07173097087070346,0.07173097087070346,-12.739986471733445,0.08109107203728405,file:///Z:/TAD/190720_3t3l1_time_course_r6/stad3-54/stad3-54-xy2c4.tif,file:///Z:/TAD/190720_3t3l1_time_course_r6/stad3-54/stad3-54-xy2c1.tif,file:///Z:/TAD/190720_3t3l1_time_course_r6/stad3-54/stad3-54-xy2c3.tif,file:///Z:/TAD/190720_3t3l1_time_course_r6/stad3-54/stad3-54-xy2c2.tif,2044,2044,2044,2044
-1,-1,-1,-1,28.0,0,0,3.9375,0,17.296875,5.109375,1.328125,17.46875,57.421875,stad3-54-xy3c4.tif,stad3-54-xy3c1.tif,stad3-54-xy3c3.tif,stad3-54-xy3c2.tif,0,0,0,0,48,1,2048,2048,2048,2048,48,eLslAQESG22IUDPZmcAZwGRnPNosITfgRpslZATaaCOFzIAzoVLAgQo9OwBqJJ8m,640ed968cd59cae03a9d336308336ebf,ad903420cf1d9d52abc48fccb9ccf6a2,985a41d2a42396e58498712713d89ac7,85e472d58cadf661fd770537aa6981f5,nan,nan,0,nan,0,nan,nan,0,0,0,0,0,0,0,0,0,Z:\TAD\190720_3t3l1_time_course_r6\stad3-54,Z:\TAD\190720_3t3l1_time_course_r6\stad3-54,Z:\TAD\190720_3t3l1_time_course_r6\stad3-54,Z:\TAD\190720_3t3l1_time_course_r6\stad3-54,Done,65535,65535,65535,65535,0,0,0,0,0.074224968906492,0.074224968906492,-12.510074375351234,0.09411162845320795,file:///Z:/TAD/190720_3t3l1_time_course_r6/stad3-54/stad3-54-xy3c4.tif,file:///Z:/TAD/190720_3t3l1_time_course_r6/stad3-54/stad3-54-xy3c1.tif,file:///Z:/TAD/190720_3t3l1_time_course_r6/stad3-54/stad3-54-xy3c3.tif,file:///Z:/TAD/190720_3t3l1_time_course_r6/stad3-54/stad3-54-xy3c2.tif,2044,2044,2044,2044
-1,-1,-1,-1,28.0,0,0,4.9375,0,16.765625,5.234375,1.28125,16.90625,57.609375,stad3-54-xy4c4.tif,stad3-54-xy4c1.tif,stad3-54-xy4c3.tif,stad3-54-xy4c2.tif,0,0,0,0,49,1,2048,2048,2048,2048,49,eLslAQESG22IUDPZmcAZ4Ew52iwhM+BGmyVkBNpoI4XMgDOhUsCBCj07AHKunyo=,f2d0f241278387d2171c99961009ab69,ffa582d0910a5ec9260c7f3d437ba68f,567c31ff1d17eba8dab525d8cab75d31,966e3714962b18e59a903173b6d8996a,nan,nan,0,nan,0,nan,nan,0,0,0,0,0,0,0,0,0,Z:\TAD\190720_3t3l1_time_course_r6\stad3-54,Z:\TAD\190720_3t3l1_time_course_r6\stad3-54,Z:\TAD\190720_3t3l1_time_course_r6\stad3-54,Z:\TAD\190720_3t3l1_time_course_r6\stad3-54,Done,65535,65535,65535,65535,0,0,0,0,0.06192610738798976,0.06192610738798976,-12.559156076763701,0.08704559684478237,file:///Z:/TAD/190720_3t3l1_time_course_r6/stad3-54/stad3-54-xy4c4.tif,file:///Z:/TAD/190720_3t3l1_time_course_r6/stad3-54/stad3-54-xy4c1.tif,file:///Z:/TAD/190720_3t3l1_time_course_r6/stad3-54/stad3-54-xy4c3.tif,file:///Z:/TAD/190720_3t3l1_time_course_r6/stad3-54/stad3-54-xy4c2.tif,2044,2044,2044,2044
-1,-1,-1,-1,25.0,0,0,2.765625,0,20.234375,5.9375,1.34375,16.828125,46.125,stad3-54-xy5c4.tif,stad3-54-xy5c1.tif,stad3-54-xy5c3.tif,stad3-54-xy5c2.tif,0,0,0,0,50,1,2048,2048,2048,2048,50,eLslAQESG22IUDPZmcAZ4Np1tFlCZsCNNkvICLTRRgqZAWdCpYADFXp2AHs4ny4=,fa8bea698c09f6ee78b1fd52ad9586f5,92e4b8e7af7f174ed8348341e68a4cd7,731921ab5a0652e0e29b6e51a61be5eb,6dc69d448843dedf5fa0da6acac9af94,nan,nan,0,nan,0,nan,nan,0,0,0,0,0,0,0,0,0,Z:\TAD\190720_3t3l1_time_course_r6\stad3-54,Z:\TAD\190720_3t3l1_time_course_r6\stad3-54,Z:\TAD\190720_3t3l1_time_course_r6\stad3-54,Z:\TAD\190720_3t3l1_time_course_r6\stad3-54,Done,65535,65535,65535,65535,0,0,0,0,0.066522246459499,0.066522246459499,-12.567853577631045,0.09175475573172559,file:///Z:/TAD/190720_3t3l1_time_course_r6/stad3-54/stad3-54-xy5c4.tif,file:///Z:/TAD/190720_3t3l1_time_course_r6/stad3-54/stad3-54-xy5c1.tif,file:///Z:/TAD/190720_3t3l1_time_course_r6/stad3-54/stad3-54-xy5c3.tif,file:///Z:/TAD/190720_3t3l1_time_course_r6/stad3-54/stad3-54-xy5c2.tif,2044,2044,2044,2044
-1,-1,-1,-1,20.0,0,0,3.15625,0,19.671875,5.078125,1.4375,13.28125,44.96875,stad3-54-xy6c4.tif,stad3-54-xy6c1.tif,stad3-54-xy6c3.tif,stad3-54-xy6c2.tif,0,0,0,0,51,1,2048,2048,2048,2048,51,eLslAQESG22IUDPZmcAZwGRnNtosITfgRpslZATaaCOFzIAzoVLAgQo9OwCDwp8y,370409adb5b586cb5608c430cf0d91d5,42e76dfb49f5da79b2d8b0870d0b1c39,db5721b6b1b3d729149a616470e0ccce,85d9baba3b844b1d779d2e573aca0538,nan,nan,0,nan,0,nan,nan,0,0,0,0,0,0,0,0,0,Z:\TAD\190720_3t3l1_time_course_r6\stad3-54,Z:\TAD\190720_3t3l1_time_course_r6\stad3-54,Z:\TAD\190720_3t3l1_time_course_r6\stad3-54,Z:\TAD\190720_3t3l1_time_course_r6\stad3-54,Done,65535,65535,65535,65535,0,0,0,0,0.07201560237444937,0.07201560237444937,-12.553809623906805,0.08431769288363142,file:///Z:/TAD/190720_3t3l1_time_course_r6/stad3-54/stad3-54-xy6c4.tif,file:///Z:/TAD/190720_3t3l1_time_course_r6/stad3-54/stad3-54-xy6c1.tif,file:///Z:/TAD/190720_3t3l1_time_course_r6/stad3-54/stad3-54-xy6c3.tif,file:///Z:/TAD/190720_3t3l1_time_course_r6/stad3-54/stad3-54-xy6c2.tif,2044,2044,2044,2044
-1,-1,-1,-1,32.0,0,0,3.109375,0,21.109375,6.09375,1.40625,14.375,50.75,stad3-54-xy7c4.tif,stad3-54-xy7c1.tif,stad3-54-xy7c3.tif,stad3-54-xy7c2.tif,0,0,0,0,52,1,2048,2048,2048,2048,52,eLslAQESG22IUDPZmcAZwGRnPtosITfgRpslZATaaCOFzIAzoVLAgQo9OwCMTJ82,a04d0ad2b269679d0090f0958e3d51c0,1fe6c3fcb8bd880aa58d9748afefde75,90b6c08fb63b5a33d6f6f9fd1ba77a52,ae169d710acf9e60ce4c2aa1be298fdd,nan,nan,0,nan,0,nan,nan,0,0,0,0,0,0,0,0,0,Z:\TAD\190720_3t3l1_time_course_r6\stad3-54,Z:\TAD\190720_3t3l1_time_course_r6\stad3-54,Z:\TAD\190720_3t3l1_time_course_r6\stad3-54,Z:\TAD\190720_3t3l1_time_course_r6\stad3-54,Done,65535,65535,65535,65535,0,0,0,0,0.07296571042388678,0.07296571042388678,-12.72276966397552,0.09472273593497472,file:///Z:/TAD/190720_3t3l1_time_course_r6/stad3-54/stad3-54-xy7c4.tif,file:///Z:/TAD/190720_3t3l1_time_course_r6/stad3-54/stad3-54-xy7c1.tif,file:///Z:/TAD/190720_3t3l1_time_course_r6/stad3-54/stad3-54-xy7c3.tif,file:///Z:/TAD/190720_3t3l1_time_course_r6/stad3-54/stad3-54-xy7c2.tif,2044,2044,2044,2044
-1,-1,-1,-1,25.0,0,0,3.203125,0,20.5625,5.609375,1.234375,11.5625,49.75,stad3-54-xy8c4.tif,stad3-54-xy8c1.tif,stad3-54-xy8c3.tif,stad3-54-xy8c2.tif,0,0,0,0,53,1,2048,2048,2048,2048,53,eLslAQESG22IUDPZmcAZ4GQ32iwhM+BGmyVkBNpoI4XMgDOhUsCBCj07AJTWnzo=,859f697dbf00716d5c5cf1a76dee07f3,27e64c7cf7382a2030812851228d3344,f09f03b433526e87228c3ef6ffc36bc1,7c1fa987ee07885d5153cf113d82030c,nan,nan,0,nan,0,nan,nan,0,0,0,0,0,0,0,0,0,Z:\TAD\190720_3t3l1_time_course_r6\stad3-54,Z:\TAD\190720_3t3l1_time_course_r6\stad3-54,Z:\TAD\190720_3t3l1_time_course_r6\stad3-54,Z:\TAD\190720_3t3l1_time_course_r6\stad3-54,Done,65535,65535,65535,65535,0,0,0,0,0.059493733453564346,0.059493733453564346,-12.50938543777539,0.07619159625157831,file:///Z:/TAD/190720_3t3l1_time_course_r6/stad3-54/stad3-54-xy8c4.tif,file:///Z:/TAD/190720_3t3l1_time_course_r6/stad3-54/stad3-54-xy8c1.tif,file:///Z:/TAD/190720_3t3l1_time_course_r6/stad3-54/stad3-54-xy8c3.tif,file:///Z:/TAD/190720_3t3l1_time_course_r6/stad3-54/stad3-54-xy8c2.tif,2044,2044,2044,2044
-1,-1,-1,-1,21.0,0,0,3.4375,0,20.765625,5.15625,1.15625,10.75,45.625,stad3-54-xy9c4.tif,stad3-54-xy9c1.tif,stad3-54-xy9c3.tif,stad3-54-xy9c2.tif,0,0,0,0,54,1,2048,2048,2048,2048,54,eLslAQESG22IUDPZmcAZ4AJltFlCZsCNNkvICLTRRgqZAWdCpYADFXp2AJ1gnz4=,d47682cac348206f338964aac6f770ca,30d6309d90398303a425a8f994f500f5,7a86b75bbc5d91f6cac47cb99d468e90,5234d620c995f36a627595227de37c5c,nan,nan,0,nan,0,nan,nan,0,0,0,0,0,0,0,0,0,Z:\TAD\190720_3t3l1_time_course_r6\stad3-54,Z:\TAD\190720_3t3l1_time_course_r6\stad3-54,Z:\TAD\190720_3t3l1_time_course_r6\stad3-54,Z:\TAD\190720_3t3l1_time_course_r6\stad3-54,Done,65535,65535,65535,65535,0,0,0,0,0.05242281034588814,0.05242281034588814,-12.456792369272662,0.07226242125067348,file:///Z:/TAD/190720_3t3l1_time_course_r6/stad3-54/stad3-54-xy9c4.tif,file:///Z:/TAD/190720_3t3l1_time_course_r6/stad3-54/stad3-54-xy9c1.tif,file:///Z:/TAD/190720_3t3l1_time_course_r6/stad3-54/stad3-54-xy9c3.tif,file:///Z:/TAD/190720_3t3l1_time_course_r6/stad3-54/stad3-54-xy9c2.tif,2044,2044,2044,2044
-1,-1,-1,-1,23.0,0,0,3.328125,0,18.9375,4.078125,0.859375,10.09375,51.578125,stad3-55-xy1c4.tif,stad3-55-xy1c1.tif,stad3-55-xy1c3.tif,stad3-55-xy1c2.tif,0,0,0,0,55,1,2048,2048,2048,2048,55,eLslAQESG22IUDPZwYs/U3C7dLRZQmbAjTZLyAi00UYKmQFnQqWAAxV6dgBqaJ8m,5da4b19e42b4cc1b0222cefe006a4535,e8fd8812df9fc474e021754b3a87fa35,e470ca243430c1991534046d3e1768de,506442dc509924db25c18a5e919c620b,nan,nan,0,nan,0,nan,nan,0,0,0,0,0,0,0,0,0,Z:\TAD\190720_3t3l1_time_course_r6\stad3-55,Z:\TAD\190720_3t3l1_time_course_r6\stad3-55,Z:\TAD\190720_3t3l1_time_course_r6\stad3-55,Z:\TAD\190720_3t3l1_time_course_r6\stad3-55,Done,65535,65535,65535,65535,0,0,0,0,0.06007776828482747,0.06007776828482747,-12.497043181243868,0.06724888975766344,file:///Z:/TAD/190720_3t3l1_time_course_r6/stad3-55/stad3-55-xy1c4.tif,file:///Z:/TAD/190720_3t3l1_time_course_r6/stad3-55/stad3-55-xy1c1.tif,file:///Z:/TAD/190720_3t3l1_time_course_r6/stad3-55/stad3-55-xy1c3.tif,file:///Z:/TAD/190720_3t3l1_time_course_r6/stad3-55/stad3-55-xy1c2.tif,2044,2044,2044,2044
-1,-1,-1,-1,29.0,0,0,3.515625,0,21.015625,3.6875,1.0,12.8125,48.59375,stad3-55-xy2c4.tif,stad3-55-xy2c1.tif,stad3-55-xy2c3.tif,stad3-55-xy2c2.tif,0,0,0,0,56,1,2048,2048,2048,2048,56,eLslAQESG22IUDPZwYs/U2CyMxptlpAbcKPNEjICbbSRQmbAmVAp4ECFnh0AcvKfKg==,b8eaa76e91ee67a9f5bbe2509744aee0,94ce672b608dcfbf6fb437b6b3eda70d,22ae1be736c953badd47c32a6dbabaf2,3e94d8471b2866dedd11582ef9323652,nan,nan,0,nan,0,nan,nan,0,0,0,0,0,0,0,0,0,Z:\TAD\190720_3t3l1_time_course_r6\stad3-55,Z:\TAD\190720_3t3l1_time_course_r6\stad3-55,Z:\TAD\190720_3t3l1_time_course_r6\stad3-55,Z:\TAD\190720_3t3l1_time_course_r6\stad3-55,Done,65535,65535,65535,65535,0,0,0,0,0.060004187165759504,0.060004187165759504,-12.475449149891931,0.08538102967846399,file:///Z:/TAD/190720_3t3l1_time_course_r6/stad3-55/stad3-55-xy2c4.tif,file:///Z:/TAD/190720_3t3l1_time_course_r6/stad3-55/stad3-55-xy2c1.tif,file:///Z:/TAD/190720_3t3l1_time_course_r6/stad3-55/stad3-55-xy2c3.tif,file:///Z:/TAD/190720_3t3l1_time_course_r6/stad3-55/stad3-55-xy2c2.tif,2044,2044,2044,2044
-1,-1,-1,-1,27.0,0,0,3.484375,0,16.4375,4.140625,1.03125,15.84375,51.5625,stad3-55-xy3c4.tif,stad3-55-xy3c1.tif,stad3-55-xy3c3.tif,stad3-55-xy3c2.tif,0,0,0,0,57,1,2048,2048,2048,2048,57,eLslAQESG22IUDPZwYs/U2CyMx5tlpAbcKPNEjICbbSRQmbAmVAp4ECFnh0Ae3yfLg==,9e3aa674f7d5dddf8399f8aabcdb1412,6f7b8548de25658023f9af4e8e3b3dd9,91763b1aca0e23db82dbc8895507a027,e1aabd763ea7e6b8875443e25f7e4524,nan,nan,0,nan,0,nan,nan,0,0,0,0,0,0,0,0,0,Z:\TAD\190720_3t3l1_time_course_r6\stad3-55,Z:\TAD\190720_3t3l1_time_course_r6\stad3-55,Z:\TAD\190720_3t3l1_time_course_r6\stad3-55,Z:\TAD\190720_3t3l1_time_course_r6\stad3-55,Done,65535,65535,65535,65535,0,0,0,0,0.058961042552255094,0.058961042552255094,-12.579305658473292,0.08608438600565758,file:///Z:/TAD/190720_3t3l1_time_course_r6/stad3-55/stad3-55-xy3c4.tif,file:///Z:/TAD/190720_3t3l1_time_course_r6/stad3-55/stad3-55-xy3c1.tif,file:///Z:/TAD/190720_3t3l1_time_course_r6/stad3-55/stad3-55-xy3c3.tif,file:///Z:/TAD/190720_3t3l1_time_course_r6/stad3-55/stad3-55-xy3c2.tif,2044,2044,2044,2044
-1,-1,-1,-1,18.0,0,0,3.40625,0,16.265625,3.71875,0.96875,11.578125,48.96875,stad3-55-xy4c4.tif,stad3-55-xy4c1.tif,stad3-55-xy4c3.tif,stad3-55-xy4c2.tif,0,0,0,0,58,1,2048,2048,2048,2048,58,eLslAQESG22IUDPZwYs/U3CmHG2WkBlwo80SMgJttJFCZsCZUCngQIWeHQCEBp8y,78fba12f17f9ef837f864dfe668eae19,5c2d5e89eb30a6d879ce263c3abd7daf,9f77661e6d183db9fe7336e9668830c8,78785750bd861cf85fe387f0e69cf791,nan,nan,0,nan,0,nan,nan,0,0,0,0,0,0,0,0,0,Z:\TAD\190720_3t3l1_time_course_r6\stad3-55,Z:\TAD\190720_3t3l1_time_course_r6\stad3-55,Z:\TAD\190720_3t3l1_time_course_r6\stad3-55,Z:\TAD\190720_3t3l1_time_course_r6\stad3-55,Done,65535,65535,65535,65535,0,0,0,0,0.051641072728671134,0.051641072728671134,-12.394051469222202,0.06861102498782533,file:///Z:/TAD/190720_3t3l1_time_course_r6/stad3-55/stad3-55-xy4c4.tif,file:///Z:/TAD/190720_3t3l1_time_course_r6/stad3-55/stad3-55-xy4c1.tif,file:///Z:/TAD/190720_3t3l1_time_course_r6/stad3-55/stad3-55-xy4c3.tif,file:///Z:/TAD/190720_3t3l1_time_course_r6/stad3-55/stad3-55-xy4c2.tif,2044,2044,2044,2044
-1,-1,-1,-1,23.0,0,0,3.25,0,16.4375,4.125,1.109375,14.921875,52.953125,stad3-55-xy5c4.tif,stad3-55-xy5c1.tif,stad3-55-xy5c3.tif,stad3-55-xy5c2.tif,0,0,0,0,59,1,2048,2048,2048,2048,59,eLslAQESG22IUDPZwYs/U3DtOtosITPgRpslZATaaCOFzIAzoVLAgQo9OwCMkJ82,326fa378d0f4e4126ededce68eee08ab,06b755a44e859447021a2d7e76d2b4d9,3886ab2f1b5ea99cbeab57f6102370e8,e400f28af916bda0fe2f72246536002c,nan,nan,0,nan,0,nan,nan,0,0,0,0,0,0,0,0,0,Z:\TAD\190720_3t3l1_time_course_r6\stad3-55,Z:\TAD\190720_3t3l1_time_course_r6\stad3-55,Z:\TAD\190720_3t3l1_time_course_r6\stad3-55,Z:\TAD\190720_3t3l1_time_course_r6\stad3-55,Done,65535,65535,65535,65535,0,0,0,0,0.05597063817549497,0.05597063817549497,-12.641623768308738,0.08221841351633598,file:///Z:/TAD/190720_3t3l1_time_course_r6/stad3-55/stad3-55-xy5c4.tif,file:///Z:/TAD/190720_3t3l1_time_course_r6/stad3-55/stad3-55-xy5c1.tif,file:///Z:/TAD/190720_3t3l1_time_course_r6/stad3-55/stad3-55-xy5c3.tif,file:///Z:/TAD/190720_3t3l1_time_course_r6/stad3-55/stad3-55-xy5c2.tif,2044,2044,2044,2044
-1,-1,-1,-1,30.0,0,0,3.09375,0,15.5625,5.046875,1.15625,18.078125,59.1875,stad3-55-xy6c4.tif,stad3-55-xy6c1.tif,stad3-55-xy6c3.tif,stad3-55-xy6c2.tif,0,0,0,0,60,1,2048,2048,2048,2048,60,eLslAQESG22IUDPZwYs/U2CyMxttlpAbcKPNEjICbbSRQmbAmVAp4ECFnh0AlRqfOg==,543c7d50c10f908898229a77e39a36cc,b41fc7492c732f5c8b3f111ab07a185a,2ea5d507cde1d513a191c9dcaa946728,58d8c389dc6e832cc2d435ef9130cd4e,nan,nan,0,nan,0,nan,nan,0,0,0,0,0,0,0,0,0,Z:\TAD\190720_3t3l1_time_course_r6\stad3-55,Z:\TAD\190720_3t3l1_time_course_r6\stad3-55,Z:\TAD\190720_3t3l1_time_course_r6\stad3-55,Z:\TAD\190720_3t3l1_time_course_r6\stad3-55,Done,65535,65535,65535,65535,0,0,0,0,0.06337620050180703,0.06337620050180703,-12.384166860630906,0.08983842870928346,file:///Z:/TAD/190720_3t3l1_time_course_r6/stad3-55/stad3-55-xy6c4.tif,file:///Z:/TAD/190720_3t3l1_time_course_r6/stad3-55/stad3-55-xy6c1.tif,file:///Z:/TAD/190720_3t3l1_time_course_r6/stad3-55/stad3-55-xy6c3.tif,file:///Z:/TAD/190720_3t3l1_time_course_r6/stad3-55/stad3-55-xy6c2.tif,2044,2044,2044,2044
-1,-1,-1,-1,19.0,0,0,3.015625,0,15.453125,4.578125,1.234375,13.09375,54.484375,stad3-55-xy7c4.tif,stad3-55-xy7c1.tif,stad3-55-xy7c3.tif,stad3-55-xy7c2.tif,0,0,0,0,61,1,2048,2048,2048,2048,61,eLslAQESG22IUDPZwYs/U2CyMx9tlpAbcKPNEjICbbSRQmbAmVAp4ECFnh0AnaSfPg==,e3c804ef0b4e1398fa7efea26d9fb762,f7092ba0c88ac19745d7c4ef327c1f43,5367e9e4da0dcd9a667eaa9653db4911,97d41642ce6a623dd1cbb5b2eb8ea581,nan,nan,0,nan,0,nan,nan,0,0,0,0,0,0,0,0,0,Z:\TAD\190720_3t3l1_time_course_r6\stad3-55,Z:\TAD\190720_3t3l1_time_course_r6\stad3-55,Z:\TAD\190720_3t3l1_time_course_r6\stad3-55,Z:\TAD\190720_3t3l1_time_course_r6\stad3-55,Done,65535,65535,65535,65535,0,0,0,0,0.06437223462853581,0.06437223462853581,-12.503654064371842,0.08552004830727145,file:///Z:/TAD/190720_3t3l1_time_course_r6/stad3-55/stad3-55-xy7c4.tif,file:///Z:/TAD/190720_3t3l1_time_course_r6/stad3-55/stad3-55-xy7c1.tif,file:///Z:/TAD/190720_3t3l1_time_course_r6/stad3-55/stad3-55-xy7c3.tif,file:///Z:/TAD/190720_3t3l1_time_course_r6/stad3-55/stad3-55-xy7c2.tif,2044,2044,2044,2044
-1,-1,-1,-1,16.0,0,0,2.796875,0,15.34375,4.40625,1.25,11.765625,51.65625,stad3-55-xy8c4.tif,stad3-55-xy8c1.tif,stad3-55-xy8c3.tif,stad3-55-xy8c2.tif,0,0,0,0,62,1,2048,2048,2048,2048,62,eLslAQESG22IUDPZwYs/U3CyG22WkBlwo80SMgJttJFCZsCZUCngQIWeHQCmLp9C,db9f67c178288daba2c17b339aa59cd5,da810dbbd8e1fab24dbb54f8fde31c99,ea2842c2d5244aa731250a9f22f299ce,d962434fa2672cdd1c94f11f9733e97e,nan,nan,0,nan,0,nan,nan,0,0,0,0,0,0,0,0,0,Z:\TAD\190720_3t3l1_time_course_r6\stad3-55,Z:\TAD\190720_3t3l1_time_course_r6\stad3-55,Z:\TAD\190720_3t3l1_time_course_r6\stad3-55,Z:\TAD\190720_3t3l1_time_course_r6\stad3-55,Done,65535,65535,65535,65535,0,0,0,0,0.04883189016254619,0.04883189016254619,-12.378693165092299,0.0542929112445257,file:///Z:/TAD/190720_3t3l1_time_course_r6/stad3-55/stad3-55-xy8c4.tif,file:///Z:/TAD/190720_3t3l1_time_course_r6/stad3-55/stad3-55-xy8c1.tif,file:///Z:/TAD/190720_3t3l1_time_course_r6/stad3-55/stad3-55-xy8c3.tif,file:///Z:/TAD/190720_3t3l1_time_course_r6/stad3-55/stad3-55-xy8c2.tif,2044,2044,2044,2044
-1,-1,-1,-1,23.0,0,0,2.828125,0,15.453125,4.671875,1.171875,13.25,53.34375,stad3-55-xy9c4.tif,stad3-55-xy9c1.tif,stad3-55-xy9c3.tif,stad3-55-xy9c2.tif,0,0,0,0,63,1,2048,2048,2048,2048,63,eLslAQESG22IUDPZwYs/U3CBMtosITPgRpslZATaaCOFzIAzoVLAgQo9OwCuuJ9G,b6332bd166fbeb7fe46295fd61e07e33,e05bc277be7fce339dcdb6cc1e81cdea,acd26501c482df769b7309d236b6f1eb,f010b5ee936f7a23254cf7cdff34c8d1,nan,nan,0,nan,0,nan,nan,0,0,0,0,0,0,0,0,0,Z:\TAD\190720_3t3l1_time_course_r6\stad3-55,Z:\TAD\190720_3t3l1_time_course_r6\stad3-55,Z:\TAD\190720_3t3l1_time_course_r6\stad3-55,Z:\TAD\190720_3t3l1_time_course_r6\stad3-55,Done,65535,65535,65535,65535,0,0,0,0,0.04889760375954211,0.04889760375954211,-12.343666027071865,0.062419025628631226,file:///Z:/TAD/190720_3t3l1_time_course_r6/stad3-55/stad3-55-xy9c4.tif,file:///Z:/TAD/190720_3t3l1_time_course_r6/stad3-55/stad3-55-xy9c1.tif,file:///Z:/TAD/190720_3t3l1_time_course_r6/stad3-55/stad3-55-xy9c3.tif,file:///Z:/TAD/190720_3t3l1_time_course_r6/stad3-55/stad3-55-xy9c2.tif,2044,2044,2044,2044
-1,-1,-1,-1,24.0,0,0,2.78125,0,16.078125,4.515625,1.1875,14.25,52.984375,stad3-56-xy1c4.tif,stad3-56-xy1c1.tif,stad3-56-xy1c3.tif,stad3-56-xy1c2.tif,0,0,0,0,64,1,2048,2048,2048,2048,64,eLslAQESG22I0CxTGo42S8gNuNFmCRmBNtpIITPgTKgUcKBCzw4Ae8CfLg==,c40cfa43629345a30530d85d8580fb21,f18ad1af175522e5ab71be61ea148361,507401174be6bfbb5cc6c54dce8fce8d,240446fedcadf8e68e39370f3aec38c5,nan,nan,0,nan,0,nan,nan,0,0,0,0,0,0,0,0,0,Z:\TAD\190720_3t3l1_time_course_r6\stad3-56,Z:\TAD\190720_3t3l1_time_course_r6\stad3-56,Z:\TAD\190720_3t3l1_time_course_r6\stad3-56,Z:\TAD\190720_3t3l1_time_course_r6\stad3-56,Done,65535,65535,65535,65535,0,0,0,0,0.06921237614005804,0.06921237614005804,-12.570800339045736,0.05249681709594295,file:///Z:/TAD/190720_3t3l1_time_course_r6/stad3-56/stad3-56-xy1c4.tif,file:///Z:/TAD/190720_3t3l1_time_course_r6/stad3-56/stad3-56-xy1c1.tif,file:///Z:/TAD/190720_3t3l1_time_course_r6/stad3-56/stad3-56-xy1c3.tif,file:///Z:/TAD/190720_3t3l1_time_course_r6/stad3-56/stad3-56-xy1c2.tif,2044,2044,2044,2044
-1,-1,-1,-1,25.0,0,0,3.1875,0,17.671875,4.9375,1.25,18.015625,57.046875,stad3-56-xy2c4.tif,stad3-56-xy2c1.tif,stad3-56-xy2c3.tif,stad3-56-xy2c2.tif,0,0,0,0,65,1,2048,2048,2048,2048,65,eLslAQESG22I0CxTGo02S8gNuNFmCRmBNtpIITPgTKgUcKBCzw4AhEqfMg==,8762d70a69cb981b93afa66a119d69df,df39c66c1141d44611cbba3d553a2265,e93d137318573d63474b70942e0966be,80710b9003d0de927a79a0ea3de1e7a8,nan,nan,0,nan,0,nan,nan,0,0,0,0,0,0,0,0,0,Z:\TAD\190720_3t3l1_time_course_r6\stad3-56,Z:\TAD\190720_3t3l1_time_course_r6\stad3-56,Z:\TAD\190720_3t3l1_time_course_r6\stad3-56,Z:\TAD\190720_3t3l1_time_course_r6\stad3-56,Done,65535,65535,65535,65535,0,0,0,0,0.07196730235591531,0.07196730235591531,-12.62376760976458,0.06844913035911661,file:///Z:/TAD/190720_3t3l1_time_course_r6/stad3-56/stad3-56-xy2c4.tif,file:///Z:/TAD/190720_3t3l1_time_course_r6/stad3-56/stad3-56-xy2c1.tif,file:///Z:/TAD/190720_3t3l1_time_course_r6/stad3-56/stad3-56-xy2c3.tif,file:///Z:/TAD/190720_3t3l1_time_course_r6/stad3-56/stad3-56-xy2c2.tif,2044,2044,2044,2044
-1,-1,-1,-1,23.0,0,0,2.984375,0,19.0625,5.578125,1.328125,16.859375,56.0,stad3-56-xy3c4.tif,stad3-56-xy3c1.tif,stad3-56-xy3c3.tif,stad3-56-xy3c2.tif,0,0,0,0,66,1,2048,2048,2048,2048,66,eLslAQESG22I0CxTGo82S8gNuNFmCRmBNtpIITPgTKgUcKBCzw4AjNSfNg==,a70b0b9740f6e7e182e3c1732bfff23d,28417ee84b86bc1685ba9afc44226b3e,d9597894bc922f1418aede9bff512aac,fc71e6b595965ab82cd01c6066bd8a6a,nan,nan,0,nan,0,nan,nan,0,0,0,0,0,0,0,0,0,Z:\TAD\190720_3t3l1_time_course_r6\stad3-56,Z:\TAD\190720_3t3l1_time_course_r6\stad3-56,Z:\TAD\190720_3t3l1_time_course_r6\stad3-56,Z:\TAD\190720_3t3l1_time_course_r6\stad3-56,Done,65535,65535,65535,65535,0,0,0,0,0.06822489167097956,0.06822489167097956,-12.511146922978096,0.05805164463483073,file:///Z:/TAD/190720_3t3l1_time_course_r6/stad3-56/stad3-56-xy3c4.tif,file:///Z:/TAD/190720_3t3l1_time_course_r6/stad3-56/stad3-56-xy3c1.tif,file:///Z:/TAD/190720_3t3l1_time_course_r6/stad3-56/stad3-56-xy3c3.tif,file:///Z:/TAD/190720_3t3l1_time_course_r6/stad3-56/stad3-56-xy3c2.tif,2044,2044,2044,2044
-1,-1,-1,-1,25.0,0,0,3.375,0,17.234375,5.296875,1.21875,19.71875,59.703125,stad3-56-xy4c4.tif,stad3-56-xy4c1.tif,stad3-56-xy4c3.tif,stad3-56-xy4c2.tif,0,0,0,0,67,1,2048,2048,2048,2048,67,eLslAQESG22I0DBTjjZLyAy40WYJGYE22kghM+BMqBRwoELPDgCVXp86,f1ebaa9c1adae3545c2367ecdc8db7f3,7f1a11eb18f57ccbaa10dfa952505127,2abf9f03a85beb2e1ecf5a062656d952,7e7f9956181c479b4d48ff0705c9d4b8,nan,nan,0,nan,0,nan,nan,0,0,0,0,0,0,0,0,0,Z:\TAD\190720_3t3l1_time_course_r6\stad3-56,Z:\TAD\190720_3t3l1_time_course_r6\stad3-56,Z:\TAD\190720_3t3l1_time_course_r6\stad3-56,Z:\TAD\190720_3t3l1_time_course_r6\stad3-56,Done,65535,65535,65535,65535,0,0,0,0,0.07281877123750746,0.07281877123750746,-12.449848639604252,0.0751905722815933,file:///Z:/TAD/190720_3t3l1_time_course_r6/stad3-56/stad3-56-xy4c4.tif,file:///Z:/TAD/190720_3t3l1_time_course_r6/stad3-56/stad3-56-xy4c1.tif,file:///Z:/TAD/190720_3t3l1_time_course_r6/stad3-56/stad3-56-xy4c3.tif,file:///Z:/TAD/190720_3t3l1_time_course_r6/stad3-56/stad3-56-xy4c2.tif,2044,2044,2044,2044
-1,-1,-1,-1,20.0,0,0,3.171875,0,17.96875,5.171875,1.40625,14.921875,53.53125,stad3-56-xy5c4.tif,stad3-56-xy5c1.tif,stad3-56-xy5c3.tif,stad3-56-xy5c2.tif,0,0,0,0,68,1,2048,2048,2048,2048,68,eLslAQESG22I0CxTjjZLyA640WYJGYE22kghM+BMqBRwoELPDgCd6J8+,efe51af59ebef7f72f1093e5808d7574,021678f887ba7ccaa5c850320a906178,bc8823546de41fe401e8878d37705421,478ec74b67dd207226464f5147080214,nan,nan,0,nan,0,nan,nan,0,0,0,0,0,0,0,0,0,Z:\TAD\190720_3t3l1_time_course_r6\stad3-56,Z:\TAD\190720_3t3l1_time_course_r6\stad3-56,Z:\TAD\190720_3t3l1_time_course_r6\stad3-56,Z:\TAD\190720_3t3l1_time_course_r6\stad3-56,Done,65535,65535,65535,65535,0,0,0,0,0.06516896618995816,0.06516896618995816,-12.476922320468093,0.05135392217048881,file:///Z:/TAD/190720_3t3l1_time_course_r6/stad3-56/stad3-56-xy5c4.tif,file:///Z:/TAD/190720_3t3l1_time_course_r6/stad3-56/stad3-56-xy5c1.tif,file:///Z:/TAD/190720_3t3l1_time_course_r6/stad3-56/stad3-56-xy5c3.tif,file:///Z:/TAD/190720_3t3l1_time_course_r6/stad3-56/stad3-56-xy5c2.tif,2044,2044,2044,2044
-1,-1,-1,-1,34.0,0,0,3.375,0,19.546875,6.0625,1.21875,21.421875,56.53125,stad3-56-xy6c4.tif,stad3-56-xy6c1.tif,stad3-56-xy6c3.tif,stad3-56-xy6c2.tif,0,0,0,0,69,1,2048,2048,2048,2048,69,eLslAQESG22I0CxTmo02S8gNuNFmCRmBNtpIITPgTKgUcKBCzw4ApnKfQg==,abec308ee575500f506e10a567f87aff,2b84dac139d1bd37ac17145ef9ac9b87,7e3c97cc2e1c28b2a889b8c1edb58f42,48062c33109722daf877611441260b21,nan,nan,0,nan,0,nan,nan,0,0,0,0,0,0,0,0,0,Z:\TAD\190720_3t3l1_time_course_r6\stad3-56,Z:\TAD\190720_3t3l1_time_course_r6\stad3-56,Z:\TAD\190720_3t3l1_time_course_r6\stad3-56,Z:\TAD\190720_3t3l1_time_course_r6\stad3-56,Done,65535,65535,65535,65535,0,0,0,0,0.07488430186640471,0.07488430186640471,-12.661084691538719,0.06884321342725605,file:///Z:/TAD/190720_3t3l1_time_course_r6/stad3-56/stad3-56-xy6c4.tif,file:///Z:/TAD/190720_3t3l1_time_course_r6/stad3-56/stad3-56-xy6c1.tif,file:///Z:/TAD/190720_3t3l1_time_course_r6/stad3-56/stad3-56-xy6c3.tif,file:///Z:/TAD/190720_3t3l1_time_course_r6/stad3-56/stad3-56-xy6c2.tif,2044,2044,2044,2044
-1,-1,-1,-1,27.0,0,0,3.328125,0,18.625,5.40625,1.390625,19.0,57.859375,stad3-56-xy7c4.tif,stad3-56-xy7c1.tif,stad3-56-xy7c3.tif,stad3-56-xy7c2.tif,0,0,0,0,70,1,2048,2048,2048,2048,70,eLslAQESG22I0CxTmo82S8gNuNFmCRmBNtpIITPgTKgUcKBCzw4ArvyfRg==,08f49f5bffb85da1a0d539004a59db50,130b8a2cdbb89f1aa30534de6670e6ed,7365ca454b19ae237aef0eac83e6db7d,b8b22d825177608995368fae2d801d3c,nan,nan,0,nan,0,nan,nan,0,0,0,0,0,0,0,0,0,Z:\TAD\190720_3t3l1_time_course_r6\stad3-56,Z:\TAD\190720_3t3l1_time_course_r6\stad3-56,Z:\TAD\190720_3t3l1_time_course_r6\stad3-56,Z:\TAD\190720_3t3l1_time_course_r6\stad3-56,Done,65535,65535,65535,65535,0,0,0,0,0.06903588108252734,0.06903588108252734,-12.495217555302247,0.0542276666135266,file:///Z:/TAD/190720_3t3l1_time_course_r6/stad3-56/stad3-56-xy7c4.tif,file:///Z:/TAD/190720_3t3l1_time_course_r6/stad3-56/stad3-56-xy7c1.tif,file:///Z:/TAD/190720_3t3l1_time_course_r6/stad3-56/stad3-56-xy7c3.tif,file:///Z:/TAD/190720_3t3l1_time_course_r6/stad3-56/stad3-56-xy7c2.tif,2044,2044,2044,2044
-1,-1,-1,-1,27.0,0,0,2.984375,0,18.625,5.453125,1.28125,18.578125,56.78125,stad3-56-xy8c4.tif,stad3-56-xy8c1.tif,stad3-56-xy8c3.tif,stad3-56-xy8c2.tif,0,0,0,0,71,1,2048,2048,2048,2048,71,eLslAQESG22I0CxTWow2S8gNuNFmCRmBNtpIITPgTKgUcKBCzw4At4afSg==,ea32c5afce75620201fa32293331c749,b3715579eef761a6a91638c4ceff6470,b7acbe39af34065f5eb7a5f780b1149e,444000d5a5aa150de5edbfe8ba33569f,nan,nan,0,nan,0,nan,nan,0,0,0,0,0,0,0,0,0,Z:\TAD\190720_3t3l1_time_course_r6\stad3-56,Z:\TAD\190720_3t3l1_time_course_r6\stad3-56,Z:\TAD\190720_3t3l1_time_course_r6\stad3-56,Z:\TAD\190720_3t3l1_time_course_r6\stad3-56,Done,65535,65535,65535,65535,0,0,0,0,0.06547298072837293,0.06547298072837293,-12.515767670470314,0.06139894306019283,file:///Z:/TAD/190720_3t3l1_time_course_r6/stad3-56/stad3-56-xy8c4.tif,file:///Z:/TAD/190720_3t3l1_time_course_r6/stad3-56/stad3-56-xy8c1.tif,file:///Z:/TAD/190720_3t3l1_time_course_r6/stad3-56/stad3-56-xy8c3.tif,file:///Z:/TAD/190720_3t3l1_time_course_r6/stad3-56/stad3-56-xy8c2.tif,2044,2044,2044,2044
-1,-1,-1,-1,27.0,0,0,3.125,0,18.265625,5.4375,1.328125,16.1875,54.53125,stad3-56-xy9c4.tif,stad3-56-xy9c1.tif,stad3-56-xy9c3.tif,stad3-56-xy9c2.tif,0,0,0,0,72,1,2048,2048,2048,2048,72,eLslAQESG22I0CxTWo42S8gNuNFmCRmBNtpIITPgTKgUcKBCzw4AwBCfTg==,964361b970f722811a37b9640970d8a9,e36d4faf5df4f4c53118bb4c38bef3c2,02d33f0a028d1bf6e17f7c795c170b2d,444d6a4aadea4c6e8e19ae81624453d3,nan,nan,0,nan,0,nan,nan,0,0,0,0,0,0,0,0,0,Z:\TAD\190720_3t3l1_time_course_r6\stad3-56,Z:\TAD\190720_3t3l1_time_course_r6\stad3-56,Z:\TAD\190720_3t3l1_time_course_r6\stad3-56,Z:\TAD\190720_3t3l1_time_course_r6\stad3-56,Done,65535,65535,65535,65535,0,0,0,0,0.06303754344116896,0.06303754344116896,-12.538503513432044,0.05537151498421038,file:///Z:/TAD/190720_3t3l1_time_course_r6/stad3-56/stad3-56-xy9c4.tif,file:///Z:/TAD/190720_3t3l1_time_course_r6/stad3-56/stad3-56-xy9c1.tif,file:///Z:/TAD/190720_3t3l1_time_course_r6/stad3-56/stad3-56-xy9c3.tif,file:///Z:/TAD/190720_3t3l1_time_course_r6/stad3-56/stad3-56-xy9c2.tif,2044,2044,2044,2044
-1,-1,-1,-1,28.0,0,0,3.3125,0,17.453125,4.890625,1.21875,15.40625,55.609375,stad3-57-xy1c4.tif,stad3-57-xy1c1.tif,stad3-57-xy1c3.tif,stad3-57-xy1c2.tif,0,0,0,0,73,1,2048,2048,2048,2048,73,eLslAQESG22IUDPZmcMZ4HbpaLOEzIAbbZaQEWijjRQyA86ESgEHKvTsAI0YnzY=,e3abeb6de02e93aaf005ad424c55fc0c,56002592de8a3b963dcae978a94f5ef0,0e96a3582902cf51f57256c51803ac71,593ffe24f1afac7d31a78766f18a3506,nan,nan,0,nan,0,nan,nan,0,0,0,0,0,0,0,0,0,Z:\TAD\190720_3t3l1_time_course_r6\stad3-57,Z:\TAD\190720_3t3l1_time_course_r6\stad3-57,Z:\TAD\190720_3t3l1_time_course_r6\stad3-57,Z:\TAD\190720_3t3l1_time_course_r6\stad3-57,Done,65535,65535,65535,65535,0,0,0,0,0.04535570525331423,0.04535570525331423,-12.996343067386228,0.09030876788881392,file:///Z:/TAD/190720_3t3l1_time_course_r6/stad3-57/stad3-57-xy1c4.tif,file:///Z:/TAD/190720_3t3l1_time_course_r6/stad3-57/stad3-57-xy1c1.tif,file:///Z:/TAD/190720_3t3l1_time_course_r6/stad3-57/stad3-57-xy1c3.tif,file:///Z:/TAD/190720_3t3l1_time_course_r6/stad3-57/stad3-57-xy1c2.tif,2044,2044,2044,2044
-1,-1,-1,-1,26.0,0,0,2.5,0,19.4375,5.640625,1.46875,16.546875,49.21875,stad3-57-xy2c4.tif,stad3-57-xy2c1.tif,stad3-57-xy2c3.tif,stad3-57-xy2c2.tif,0,0,0,0,74,1,2048,2048,2048,2048,74,eLslAQESG22IUDPZmcMZwGRnNNosITfgRpslZATaaCOFzIAzoVLAgQo9OwCVop86,da6c3e160aff7b856aa8b46aaf07a1cf,bce6ef246182d3b6912d7e0cc0a53419,1a001e87e3e6aef3fb4405dac7210e76,3207b27cfd71e0ddb7addba007882544,nan,nan,0,nan,0,nan,nan,0,0,0,0,0,0,0,0,0,Z:\TAD\190720_3t3l1_time_course_r6\stad3-57,Z:\TAD\190720_3t3l1_time_course_r6\stad3-57,Z:\TAD\190720_3t3l1_time_course_r6\stad3-57,Z:\TAD\190720_3t3l1_time_course_r6\stad3-57,Done,65535,65535,65535,65535,0,0,0,0,0.040385613625403494,0.040385613625403494,-12.9005590775187,0.08442627194574137,file:///Z:/TAD/190720_3t3l1_time_course_r6/stad3-57/stad3-57-xy2c4.tif,file:///Z:/TAD/190720_3t3l1_time_course_r6/stad3-57/stad3-57-xy2c1.tif,file:///Z:/TAD/190720_3t3l1_time_course_r6/stad3-57/stad3-57-xy2c3.tif,file:///Z:/TAD/190720_3t3l1_time_course_r6/stad3-57/stad3-57-xy2c2.tif,2044,2044,2044,2044
-1,-1,-1,-1,31.0,0,0,2.6875,0,19.234375,5.5625,1.234375,20.390625,52.125,stad3-57-xy3c4.tif,stad3-57-xy3c1.tif,stad3-57-xy3c3.tif,stad3-57-xy3c2.tif,0,0,0,0,75,1,2048,2048,2048,2048,75,eLslAQESG22IUDPZmcMZwGRnPNosITfgRpslZATaaCOFzIAzoVLAgQo9OwCeLJ8+,75851578764b5bd60a1d46fc30e12480,d443a3f0271d586169b183c0776e30c1,e42c7a124958bf689f612111fb707e51,25046e2570fa2ce522b43e2dde50a842,nan,nan,0,nan,0,nan,nan,0,0,0,0,0,0,0,0,0,Z:\TAD\190720_3t3l1_time_course_r6\stad3-57,Z:\TAD\190720_3t3l1_time_course_r6\stad3-57,Z:\TAD\190720_3t3l1_time_course_r6\stad3-57,Z:\TAD\190720_3t3l1_time_course_r6\stad3-57,Done,65535,65535,65535,65535,0,0,0,0,0.05193790118210018,0.05193790118210018,-12.955271167703923,0.13338916293539207,file:///Z:/TAD/190720_3t3l1_time_course_r6/stad3-57/stad3-57-xy3c4.tif,file:///Z:/TAD/190720_3t3l1_time_course_r6/stad3-57/stad3-57-xy3c1.tif,file:///Z:/TAD/190720_3t3l1_time_course_r6/stad3-57/stad3-57-xy3c3.tif,file:///Z:/TAD/190720_3t3l1_time_course_r6/stad3-57/stad3-57-xy3c2.tif,2044,2044,2044,2044
-1,-1,-1,-1,22.0,0,0,2.84375,0,20.09375,5.421875,1.28125,16.21875,46.84375,stad3-57-xy4c4.tif,stad3-57-xy4c1.tif,stad3-57-xy4c3.tif,stad3-57-xy4c2.tif,0,0,0,0,76,1,2048,2048,2048,2048,76,eLslAQESG22IUDPZmcMZ4Ew52iwhM+BGmyVkBNpoI4XMgDOhUsCBCj07AKa2n0I=,843963a3e60c5cb4f7933bf0eb90f709,385c86efb430f7fd409b122b165cefa6,f0bedf4475f4c1e8432f7da1256a0a1c,64f83e49d427197e852a6260bfbd9f9c,nan,nan,0,nan,0,nan,nan,0,0,0,0,0,0,0,0,0,Z:\TAD\190720_3t3l1_time_course_r6\stad3-57,Z:\TAD\190720_3t3l1_time_course_r6\stad3-57,Z:\TAD\190720_3t3l1_time_course_r6\stad3-57,Z:\TAD\190720_3t3l1_time_course_r6\stad3-57,Done,65535,65535,65535,65535,0,0,0,0,0.03759369230829179,0.03759369230829179,-12.982389394983114,0.10211101514319579,file:///Z:/TAD/190720_3t3l1_time_course_r6/stad3-57/stad3-57-xy4c4.tif,file:///Z:/TAD/190720_3t3l1_time_course_r6/stad3-57/stad3-57-xy4c1.tif,file:///Z:/TAD/190720_3t3l1_time_course_r6/stad3-57/stad3-57-xy4c3.tif,file:///Z:/TAD/190720_3t3l1_time_course_r6/stad3-57/stad3-57-xy4c2.tif,2044,2044,2044,2044
-1,-1,-1,-1,20.0,0,0,2.6875,0,19.234375,5.03125,1.5,15.109375,47.3125,stad3-57-xy5c4.tif,stad3-57-xy5c1.tif,stad3-57-xy5c3.tif,stad3-57-xy5c2.tif,0,0,0,0,77,1,2048,2048,2048,2048,77,eLslAQESG22IUDPZmcMZ4Np1tFlCZsCNNkvICLTRRgqZAWdCpYADFXp2AK9An0Y=,5285d23d89743f3ea68fec5572bc49e0,9a42a8801f2579c91a6af0a406dfdae3,890680d4ce2011aadb75c65fea13f287,9a9fe6fd41c9ab14da5d0823805435f6,nan,nan,0,nan,0,nan,nan,0,0,0,0,0,0,0,0,0,Z:\TAD\190720_3t3l1_time_course_r6\stad3-57,Z:\TAD\190720_3t3l1_time_course_r6\stad3-57,Z:\TAD\190720_3t3l1_time_course_r6\stad3-57,Z:\TAD\190720_3t3l1_time_course_r6\stad3-57,Done,65535,65535,65535,65535,0,0,0,0,0.03894636477343738,0.03894636477343738,-12.82830146926591,0.10029839204799987,file:///Z:/TAD/190720_3t3l1_time_course_r6/stad3-57/stad3-57-xy5c4.tif,file:///Z:/TAD/190720_3t3l1_time_course_r6/stad3-57/stad3-57-xy5c1.tif,file:///Z:/TAD/190720_3t3l1_time_course_r6/stad3-57/stad3-57-xy5c3.tif,file:///Z:/TAD/190720_3t3l1_time_course_r6/stad3-57/stad3-57-xy5c2.tif,2044,2044,2044,2044
-1,-1,-1,-1,44.0,0,0,2.984375,0,19.640625,5.390625,1.375,20.0625,48.859375,stad3-57-xy6c4.tif,stad3-57-xy6c1.tif,stad3-57-xy6c3.tif,stad3-57-xy6c2.tif,0,0,0,0,78,1,2048,2048,2048,2048,78,eLslAQESG22IUDPZmcMZwGRnNtosITfgRpslZATaaCOFzIAzoVLAgQo9OwC3yp9K,64ff270ad7bd8271db8f21009bcd887c,c3062651130bda4bd24b2def8f2905e2,73a0e9d0a63782fd7f375be49597616b,8d2ab4fd7fa4f880870a6a363d408fb7,nan,nan,0,nan,0,nan,nan,0,0,0,0,0,0,0,0,0,Z:\TAD\190720_3t3l1_time_course_r6\stad3-57,Z:\TAD\190720_3t3l1_time_course_r6\stad3-57,Z:\TAD\190720_3t3l1_time_course_r6\stad3-57,Z:\TAD\190720_3t3l1_time_course_r6\stad3-57,Done,65535,65535,65535,65535,0,0,0,0,0.05146339349448681,0.05146339349448681,-12.580758832731227,0.10716475147815878,file:///Z:/TAD/190720_3t3l1_time_course_r6/stad3-57/stad3-57-xy6c4.tif,file:///Z:/TAD/190720_3t3l1_time_course_r6/stad3-57/stad3-57-xy6c1.tif,file:///Z:/TAD/190720_3t3l1_time_course_r6/stad3-57/stad3-57-xy6c3.tif,file:///Z:/TAD/190720_3t3l1_time_course_r6/stad3-57/stad3-57-xy6c2.tif,2044,2044,2044,2044
-1,-1,-1,-1,31.0,0,0,2.75,0,20.671875,5.703125,1.234375,17.0625,47.40625,stad3-57-xy7c4.tif,stad3-57-xy7c1.tif,stad3-57-xy7c3.tif,stad3-57-xy7c2.tif,0,0,0,0,79,1,2048,2048,2048,2048,79,eLslAQESG22IUDPZmcMZwGRnPtosITfgRpslZATaaCOFzIAzoVLAgQo9OwDAVJ9O,3ab44b844426e8e14427b4acb60f28cf,670ee63081baf13fbc2fee7e02a350c5,bdca1e45de9fe80a326c1a33cf8f53c6,09ed2d95ca73e9e862012d3d86978abe,nan,nan,0,nan,0,nan,nan,0,0,0,0,0,0,0,0,0,Z:\TAD\190720_3t3l1_time_course_r6\stad3-57,Z:\TAD\190720_3t3l1_time_course_r6\stad3-57,Z:\TAD\190720_3t3l1_time_course_r6\stad3-57,Z:\TAD\190720_3t3l1_time_course_r6\stad3-57,Done,65535,65535,65535,65535,0,0,0,0,0.04549637687159702,0.04549637687159702,-12.842341588357655,0.0896606747311337,file:///Z:/TAD/190720_3t3l1_time_course_r6/stad3-57/stad3-57-xy7c4.tif,file:///Z:/TAD/190720_3t3l1_time_course_r6/stad3-57/stad3-57-xy7c1.tif,file:///Z:/TAD/190720_3t3l1_time_course_r6/stad3-57/stad3-57-xy7c3.tif,file:///Z:/TAD/190720_3t3l1_time_course_r6/stad3-57/stad3-57-xy7c2.tif,2044,2044,2044,2044
-1,-1,-1,-1,40.0,0,0,2.8125,0,21.1875,5.5625,1.25,17.609375,45.46875,stad3-57-xy8c4.tif,stad3-57-xy8c1.tif,stad3-57-xy8c3.tif,stad3-57-xy8c2.tif,0,0,0,0,80,1,2048,2048,2048,2048,80,eLslAQESG22IUDPZmcMZ4GQ32iwhM+BGmyVkBNpoI4XMgDOhUsCBCj07AMjen1I=,c31438f849e504c32ba742fc52306d35,5774a8484feb45cf697e93d2e62a7908,913158ed0039f70651673da49f84ca71,f9436dc38e2de2d551e484b0c4baeb34,nan,nan,0,nan,0,nan,nan,0,0,0,0,0,0,0,0,0,Z:\TAD\190720_3t3l1_time_course_r6\stad3-57,Z:\TAD\190720_3t3l1_time_course_r6\stad3-57,Z:\TAD\190720_3t3l1_time_course_r6\stad3-57,Z:\TAD\190720_3t3l1_time_course_r6\stad3-57,Done,65535,65535,65535,65535,0,0,0,0,0.04120511491782963,0.04120511491782963,-12.799809074929424,0.10408444726740589,file:///Z:/TAD/190720_3t3l1_time_course_r6/stad3-57/stad3-57-xy8c4.tif,file:///Z:/TAD/190720_3t3l1_time_course_r6/stad3-57/stad3-57-xy8c1.tif,file:///Z:/TAD/190720_3t3l1_time_course_r6/stad3-57/stad3-57-xy8c3.tif,file:///Z:/TAD/190720_3t3l1_time_course_r6/stad3-57/stad3-57-xy8c2.tif,2044,2044,2044,2044
-1,-1,-1,-1,36.0,0,0,3.0,0,19.34375,5.4375,1.34375,16.515625,44.96875,stad3-57-xy9c4.tif,stad3-57-xy9c1.tif,stad3-57-xy9c3.tif,stad3-57-xy9c2.tif,0,0,0,0,81,1,2048,2048,2048,2048,81,eLslAQESG22IUDPZmcMZ4AJltFlCZsCNNkvICLTRRgqZAWdCpYADFXp2ANFon1Y=,0e71a527023eb02aecda44895fdb1e7c,1bc80265e0a2c0e8838eaf9ee1c74c43,e531f47c0c34d7a0a489dbb7913934e0,7786ded231e10258bbd76e5a09d3fdae,nan,nan,0,nan,0,nan,nan,0,0,0,0,0,0,0,0,0,Z:\TAD\190720_3t3l1_time_course_r6\stad3-57,Z:\TAD\190720_3t3l1_time_course_r6\stad3-57,Z:\TAD\190720_3t3l1_time_course_r6\stad3-57,Z:\TAD\190720_3t3l1_time_course_r6\stad3-57,Done,65535,65535,65535,65535,0,0,0,0,0.044320774322841316,0.044320774322841316,-12.711817216953307,0.1419270219578733,file:///Z:/TAD/190720_3t3l1_time_course_r6/stad3-57/stad3-57-xy9c4.tif,file:///Z:/TAD/190720_3t3l1_time_course_r6/stad3-57/stad3-57-xy9c1.tif,file:///Z:/TAD/190720_3t3l1_time_course_r6/stad3-57/stad3-57-xy9c3.tif,file:///Z:/TAD/190720_3t3l1_time_course_r6/stad3-57/stad3-57-xy9c2.tif,2044,2044,2044,2044
-1,-1,-1,-1,19.0,0,0,2.921875,0,18.859375,4.625,1.484375,11.515625,43.953125,stad3-59-xy1c4.tif,stad3-59-xy1c1.tif,stad3-59-xy1c3.tif,stad3-59-xy1c2.tif,0,0,0,0,82,1,2048,2048,2048,2048,82,eLslAQESG22I0CzZGY42S8gNuNFmCRmBNtpIITPgTKgUcKBCzw4Ar8ifRg==,d715d8249e764b1279c657d51293f540,d1046932adfa8e71493b8c18b638353a,ae40655ecfcb3bf5c2a8331782692110,be2d7bbe17f4dfb53213be89f90cfce0,nan,nan,0,nan,0,nan,nan,0,0,0,0,0,0,0,0,0,Z:\TAD\190720_3t3l1_time_course_r6\stad3-59,Z:\TAD\190720_3t3l1_time_course_r6\stad3-59,Z:\TAD\190720_3t3l1_time_course_r6\stad3-59,Z:\TAD\190720_3t3l1_time_course_r6\stad3-59,Done,65535,65535,65535,65535,0,0,0,0,0.04819910111837089,0.04819910111837089,-12.927241149376911,0.05589582486431768,file:///Z:/TAD/190720_3t3l1_time_course_r6/stad3-59/stad3-59-xy1c4.tif,file:///Z:/TAD/190720_3t3l1_time_course_r6/stad3-59/stad3-59-xy1c1.tif,file:///Z:/TAD/190720_3t3l1_time_course_r6/stad3-59/stad3-59-xy1c3.tif,file:///Z:/TAD/190720_3t3l1_time_course_r6/stad3-59/stad3-59-xy1c2.tif,2044,2044,2044,2044
-1,-1,-1,-1,32.0,0,0,3.125,0,19.796875,5.640625,1.40625,14.96875,44.390625,stad3-59-xy2c4.tif,stad3-59-xy2c1.tif,stad3-59-xy2c3.tif,stad3-59-xy2c2.tif,0,0,0,0,83,1,2048,2048,2048,2048,83,eLslAQESG22I0CzZGY02S8gNuNFmCRmBNtpIITPgTKgUcKBCzw4AuFKfSg==,c5139a1d9b2ab733707e4535cece4a2b,3f5a12b8c98daad4e1d5873e500153ce,c8c3455a4bc7aaea599f7ee7f86899ce,cbabf4c60df03a012579c11948ad84fa,nan,nan,0,nan,0,nan,nan,0,0,0,0,0,0,0,0,0,Z:\TAD\190720_3t3l1_time_course_r6\stad3-59,Z:\TAD\190720_3t3l1_time_course_r6\stad3-59,Z:\TAD\190720_3t3l1_time_course_r6\stad3-59,Z:\TAD\190720_3t3l1_time_course_r6\stad3-59,Done,65535,65535,65535,65535,0,0,0,0,0.060949106293264776,0.060949106293264776,-12.75843716942855,0.09684346494307411,file:///Z:/TAD/190720_3t3l1_time_course_r6/stad3-59/stad3-59-xy2c4.tif,file:///Z:/TAD/190720_3t3l1_time_course_r6/stad3-59/stad3-59-xy2c1.tif,file:///Z:/TAD/190720_3t3l1_time_course_r6/stad3-59/stad3-59-xy2c3.tif,file:///Z:/TAD/190720_3t3l1_time_course_r6/stad3-59/stad3-59-xy2c2.tif,2044,2044,2044,2044
-1,-1,-1,-1,23.0,0,0,2.96875,0,19.1875,4.625,1.0,13.859375,39.21875,stad3-59-xy3c4.tif,stad3-59-xy3c1.tif,stad3-59-xy3c3.tif,stad3-59-xy3c2.tif,0,0,0,0,84,1,2048,2048,2048,2048,84,eLslAQESG22I0CzZGY82S8gNuNFmCRmBNtpIITPgTKgUcKBCzw4AwNyfTg==,f03973f99744d1b21697c694b77e5fa2,8751a92b2a99f2d04601bf9c4163dce0,20f276c0b63de500893e891caa3c37f8,071290647335cf29c4ad863ea8825791,nan,nan,0,nan,0,nan,nan,0,0,0,0,0,0,0,0,0,Z:\TAD\190720_3t3l1_time_course_r6\stad3-59,Z:\TAD\190720_3t3l1_time_course_r6\stad3-59,Z:\TAD\190720_3t3l1_time_course_r6\stad3-59,Z:\TAD\190720_3t3l1_time_course_r6\stad3-59,Done,65535,65535,65535,65535,0,0,0,0,0.061383427237160504,0.061383427237160504,-12.921115488611289,0.09822274279147664,file:///Z:/TAD/190720_3t3l1_time_course_r6/stad3-59/stad3-59-xy3c4.tif,file:///Z:/TAD/190720_3t3l1_time_course_r6/stad3-59/stad3-59-xy3c1.tif,file:///Z:/TAD/190720_3t3l1_time_course_r6/stad3-59/stad3-59-xy3c3.tif,file:///Z:/TAD/190720_3t3l1_time_course_r6/stad3-59/stad3-59-xy3c2.tif,2044,2044,2044,2044
-1,-1,-1,-1,26.0,0,0,2.765625,0,18.515625,4.609375,1.1875,14.8125,36.890625,stad3-59-xy4c4.tif,stad3-59-xy4c1.tif,stad3-59-xy4c3.tif,stad3-59-xy4c2.tif,0,0,0,0,85,1,2048,2048,2048,2048,85,eLslAQESG22I0CzZmYw2S8gNuNFmCRmBNtpIITPgTKgUcKBCzw4AyWafUg==,3ee4539e99e5da2457c85be603de4bef,ff9ffb3664c065df6a76b1d26283033c,67caf6dc5480467e5c1fd893605e8765,b018de685448d05cfd58c3b5085e29bf,nan,nan,0,nan,0,nan,nan,0,0,0,0,0,0,0,0,0,Z:\TAD\190720_3t3l1_time_course_r6\stad3-59,Z:\TAD\190720_3t3l1_time_course_r6\stad3-59,Z:\TAD\190720_3t3l1_time_course_r6\stad3-59,Z:\TAD\190720_3t3l1_time_course_r6\stad3-59,Done,65535,65535,65535,65535,0,0,0,0,0.0519597755628638,0.0519597755628638,-12.914654416353592,0.08540518378224057,file:///Z:/TAD/190720_3t3l1_time_course_r6/stad3-59/stad3-59-xy4c4.tif,file:///Z:/TAD/190720_3t3l1_time_course_r6/stad3-59/stad3-59-xy4c1.tif,file:///Z:/TAD/190720_3t3l1_time_course_r6/stad3-59/stad3-59-xy4c3.tif,file:///Z:/TAD/190720_3t3l1_time_course_r6/stad3-59/stad3-59-xy4c2.tif,2044,2044,2044,2044
-1,-1,-1,-1,20.0,0,0,2.921875,0,18.359375,4.703125,1.125,16.171875,36.3125,stad3-59-xy5c4.tif,stad3-59-xy5c1.tif,stad3-59-xy5c3.tif,stad3-59-xy5c2.tif,0,0,0,0,86,1,2048,2048,2048,2048,86,eLslAQESG22I0CzZjTZLyA640WYJGYE22kghM+BMqBRwoELPDgDR8J9W,844cef05d9f5284b2911ff892bca0e21,8990707fb2aa5701c18d81585436b6b4,86c2ac782493840ef4ffaaa674328a64,b91e406243f8b9b5f89a2d21a0369c88,nan,nan,0,nan,0,nan,nan,0,0,0,0,0,0,0,0,0,Z:\TAD\190720_3t3l1_time_course_r6\stad3-59,Z:\TAD\190720_3t3l1_time_course_r6\stad3-59,Z:\TAD\190720_3t3l1_time_course_r6\stad3-59,Z:\TAD\190720_3t3l1_time_course_r6\stad3-59,Done,65535,65535,65535,65535,0,0,0,0,0.051214462670031935,0.051214462670031935,-12.618390329405473,0.0869477676620918,file:///Z:/TAD/190720_3t3l1_time_course_r6/stad3-59/stad3-59-xy5c4.tif,file:///Z:/TAD/190720_3t3l1_time_course_r6/stad3-59/stad3-59-xy5c1.tif,file:///Z:/TAD/190720_3t3l1_time_course_r6/stad3-59/stad3-59-xy5c3.tif,file:///Z:/TAD/190720_3t3l1_time_course_r6/stad3-59/stad3-59-xy5c2.tif,2044,2044,2044,2044
-1,-1,-1,-1,28.0,0,0,3.0,0,18.25,4.53125,1.171875,14.171875,37.34375,stad3-59-xy6c4.tif,stad3-59-xy6c1.tif,stad3-59-xy6c3.tif,stad3-59-xy6c2.tif,0,0,0,0,87,1,2048,2048,2048,2048,87,eLslAQESG22I0CzZmY02S8gNuNFmCRmBNtpIITPgTKgUcKBCzw4A2nqfWg==,7afd67e2061348a26c216e069813b835,b1633fd7a28a1d10f59f591d49db8572,8e7af0cdc1ba6fd4fde8f2c4dff5937c,beb6fb563c11e3f72e51dfad20aa6506,nan,nan,0,nan,0,nan,nan,0,0,0,0,0,0,0,0,0,Z:\TAD\190720_3t3l1_time_course_r6\stad3-59,Z:\TAD\190720_3t3l1_time_course_r6\stad3-59,Z:\TAD\190720_3t3l1_time_course_r6\stad3-59,Z:\TAD\190720_3t3l1_time_course_r6\stad3-59,Done,65535,65535,65535,65535,0,0,0,0,0.039911899890284985,0.039911899890284985,-12.905309544083725,0.05951459148835398,file:///Z:/TAD/190720_3t3l1_time_course_r6/stad3-59/stad3-59-xy6c4.tif,file:///Z:/TAD/190720_3t3l1_time_course_r6/stad3-59/stad3-59-xy6c1.tif,file:///Z:/TAD/190720_3t3l1_time_course_r6/stad3-59/stad3-59-xy6c3.tif,file:///Z:/TAD/190720_3t3l1_time_course_r6/stad3-59/stad3-59-xy6c2.tif,2044,2044,2044,2044
-1,-1,-1,-1,24.0,0,0,2.921875,0,18.15625,5.546875,1.265625,16.9375,31.90625,stad3-59-xy7c4.tif,stad3-59-xy7c1.tif,stad3-59-xy7c3.tif,stad3-59-xy7c2.tif,0,0,0,0,88,1,2048,2048,2048,2048,88,eLslAQESG22I0CzZmY82S8gNuNFmCRmBNtpIITPgTKgUcKBCzw4A4wSfXg==,ed6f73a419af30ad9885c8d6e484b81f,2b0d977d25080a159358f00ee9a407b4,8d0c65e107f527a65d8d35b47bd23454,d299cfcc82b5999211366ce95d9b869e,nan,nan,0,nan,0,nan,nan,0,0,0,0,0,0,0,0,0,Z:\TAD\190720_3t3l1_time_course_r6\stad3-59,Z:\TAD\190720_3t3l1_time_course_r6\stad3-59,Z:\TAD\190720_3t3l1_time_course_r6\stad3-59,Z:\TAD\190720_3t3l1_time_course_r6\stad3-59,Done,65535,65535,65535,65535,0,0,0,0,0.04414929123595357,0.04414929123595357,-12.94501657578873,0.08696532230412166,file:///Z:/TAD/190720_3t3l1_time_course_r6/stad3-59/stad3-59-xy7c4.tif,file:///Z:/TAD/190720_3t3l1_time_course_r6/stad3-59/stad3-59-xy7c1.tif,file:///Z:/TAD/190720_3t3l1_time_course_r6/stad3-59/stad3-59-xy7c3.tif,file:///Z:/TAD/190720_3t3l1_time_course_r6/stad3-59/stad3-59-xy7c2.tif,2044,2044,2044,2044
-1,-1,-1,-1,26.0,0,0,2.65625,0,17.890625,5.109375,1.109375,15.109375,31.90625,stad3-59-xy8c4.tif,stad3-59-xy8c1.tif,stad3-59-xy8c3.tif,stad3-59-xy8c2.tif,0,0,0,0,89,1,2048,2048,2048,2048,89,eLslAQESG22I0DDZjTZLyAy40WYJGYE22kghM+BMqBRwoELPDgDrjp9i,890e5f6ae712c8bd6b7a7009faa2b32f,fc2734422f49ffc5bc101d5a1dacfc2a,8ec0e0c31a2a79d4ea125c520a9884ce,59936baec577afa83712e981ff9a92e7,nan,nan,0,nan,0,nan,nan,0,0,0,0,0,0,0,0,0,Z:\TAD\190720_3t3l1_time_course_r6\stad3-59,Z:\TAD\190720_3t3l1_time_course_r6\stad3-59,Z:\TAD\190720_3t3l1_time_course_r6\stad3-59,Z:\TAD\190720_3t3l1_time_course_r6\stad3-59,Done,65535,65535,65535,65535,0,0,0,0,0.05371387396007776,0.05371387396007776,-12.637461468434365,0.0988216787448983,file:///Z:/TAD/190720_3t3l1_time_course_r6/stad3-59/stad3-59-xy8c4.tif,file:///Z:/TAD/190720_3t3l1_time_course_r6/stad3-59/stad3-59-xy8c1.tif,file:///Z:/TAD/190720_3t3l1_time_course_r6/stad3-59/stad3-59-xy8c3.tif,file:///Z:/TAD/190720_3t3l1_time_course_r6/stad3-59/stad3-59-xy8c2.tif,2044,2044,2044,2044
-1,-1,-1,-1,23.0,0,0,2.625,0,17.046875,5.171875,1.28125,13.90625,30.453125,stad3-59-xy9c4.tif,stad3-59-xy9c1.tif,stad3-59-xy9c3.tif,stad3-59-xy9c2.tif,0,0,0,0,90,1,2048,2048,2048,2048,90,eLslAQESG22I0CzZWY42S8gNuNFmCRmBNtpIITPgTKgUcKBCzw4A9BifZg==,2473cec8b90c305c42eea379877de1c4,753dbc5384cfe1e13af62deb62735d8b,36339140785cb317e3c282af57ff4efe,b09844edca1f0c68f8cd460dafb6b25b,nan,nan,0,nan,0,nan,nan,0,0,0,0,0,0,0,0,0,Z:\TAD\190720_3t3l1_time_course_r6\stad3-59,Z:\TAD\190720_3t3l1_time_course_r6\stad3-59,Z:\TAD\190720_3t3l1_time_course_r6\stad3-59,Z:\TAD\190720_3t3l1_time_course_r6\stad3-59,Done,65535,65535,65535,65535,0,0,0,0,0.05388282227795571,0.05388282227795571,-12.866344627942384,0.12096481456441904,file:///Z:/TAD/190720_3t3l1_time_course_r6/stad3-59/stad3-59-xy9c4.tif,file:///Z:/TAD/190720_3t3l1_time_course_r6/stad3-59/stad3-59-xy9c1.tif,file:///Z:/TAD/190720_3t3l1_time_course_r6/stad3-59/stad3-59-xy9c3.tif,file:///Z:/TAD/190720_3t3l1_time_course_r6/stad3-59/stad3-59-xy9c2.tif,2044,2044,2044,2044
